name	link	tuits	retuits	rteados	followers	following	status	location	Walktrap
@_Maria_Dantas_	<a href="https://twitter.com/_Maria_Dantas_" target="_blank">_Maria_Dantas_</a>	10	0	1	1695	2524	36048	Barcelona	029
@_pmarkes	<a href="https://twitter.com/_pmarkes" target="_blank">_pmarkes</a>	1	2	0	19006	20630	8381	Terrassa (Barcelona)	008
@11s2014	<a href="https://twitter.com/11s2014" target="_blank">11s2014</a>	8	0	1	1506	2051	23723	Mataró, Catalunya	018
@13thkyr	<a href="https://twitter.com/13thkyr" target="_blank">13thkyr</a>	1	0	1	34	235	358	Barcelona	026
@2005sjusi	<a href="https://twitter.com/2005sjusi" target="_blank">2005sjusi</a>	26	0	3	805	790	51238	Costa Daurada	006
@622Arquitectura	<a href="https://twitter.com/622Arquitectura" target="_blank">622Arquitectura</a>	6	0	1	1071	1890	6884	Terrassa. Barcelona. Catalonia	006
@A_Bretodeau	<a href="https://twitter.com/A_Bretodeau" target="_blank">A_Bretodeau</a>	5	0	1	232	94	42857	San Junipero.	008
@A3Noticias	<a href="https://twitter.com/A3Noticias" target="_blank">A3Noticias</a>	0	2	0					058
@abelplana	<a href="https://twitter.com/abelplana" target="_blank">abelplana</a>	3	1	0	254	463	1346		098
@AcijoD	<a href="https://twitter.com/AcijoD" target="_blank">AcijoD</a>	5	0	1	85	232	8343	Catalunya	005
@AComunis	<a href="https://twitter.com/AComunis" target="_blank">AComunis</a>	2	0	1	32	30	1747		026
@acosta2B	<a href="https://twitter.com/acosta2B" target="_blank">acosta2B</a>	1	0	1	27	47	75	Barcelona, España	008
@ACTUALIZATEes	<a href="https://twitter.com/ACTUALIZATEes" target="_blank">ACTUALIZATEes</a>	0	1	0					074
@acuffa	<a href="https://twitter.com/acuffa" target="_blank">acuffa</a>	1	0	1	258	505	6878	Caigüire	024
@adriaaubert	<a href="https://twitter.com/adriaaubert" target="_blank">adriaaubert</a>	1	3	0	82	202	295		035
@adribata10	<a href="https://twitter.com/adribata10" target="_blank">adribata10</a>	1	0	1	1283	1142	2891	Barcelona - La Vall d'en Bas	011
@aesux	<a href="https://twitter.com/aesux" target="_blank">aesux</a>	3	2	0	2042	1184	28129	Amb el cor a la Conca Dellà. Catalonia	004
@Agents_Rurals	<a href="https://twitter.com/Agents_Rurals" target="_blank">Agents_Rurals</a>	1	7	0	21855	901	16707	.cat	027
@AGR_Network	<a href="https://twitter.com/AGR_Network" target="_blank">AGR_Network</a>	17	0	1	1016	2050	33236	Україна	014
@agrau22	<a href="https://twitter.com/agrau22" target="_blank">agrau22</a>	1	0	1	109	144	387	Vic	011
@aiguaifang	<a href="https://twitter.com/aiguaifang" target="_blank">aiguaifang</a>	5	0	1	1512	793	36542		127
@ajaume	<a href="https://twitter.com/ajaume" target="_blank">ajaume</a>	11	0	1	1466	628	60925	barcelona	011
@Akratamondo	<a href="https://twitter.com/Akratamondo" target="_blank">Akratamondo</a>	1	0	1	668	1112	31942	Barcelona	029
@Alba_87_	<a href="https://twitter.com/Alba_87_" target="_blank">Alba_87_</a>	0	1	0					087
@AlbaMalagelada	<a href="https://twitter.com/AlbaMalagelada" target="_blank">AlbaMalagelada</a>	2	0	1	77	116	1885	Sant Feliu de Guíxols	007
@albapmas	<a href="https://twitter.com/albapmas" target="_blank">albapmas</a>	2	0	1	339	1351	6544		003
@AlbertFerrerR	<a href="https://twitter.com/AlbertFerrerR" target="_blank">AlbertFerrerR</a>	1	0	1	67	376	1974	Barcelona, Cataluña	007
@AlbertLluc	<a href="https://twitter.com/AlbertLluc" target="_blank">AlbertLluc</a>	18	0	1	374	548	20235		019
@Alberto97246103	<a href="https://twitter.com/Alberto97246103" target="_blank">Alberto97246103</a>	1	0	1	7	8	1248		093
@aleix_amm	<a href="https://twitter.com/aleix_amm" target="_blank">aleix_amm</a>	0	1	0					075
@alellacup	<a href="https://twitter.com/alellacup" target="_blank">alellacup</a>	0	1	0					068
@alexdelmas10	<a href="https://twitter.com/alexdelmas10" target="_blank">alexdelmas10</a>	0	2	0					041
@alfonjod	<a href="https://twitter.com/alfonjod" target="_blank">alfonjod</a>	1	0	1	96	229	621	Quito	010
@aliciapag	<a href="https://twitter.com/aliciapag" target="_blank">aliciapag</a>	1	0	1	34	278	358	catalunya	061
@aligatrencada	<a href="https://twitter.com/aligatrencada" target="_blank">aligatrencada</a>	8	0	1	64	247	11925		018
@allmhurach11	<a href="https://twitter.com/allmhurach11" target="_blank">allmhurach11</a>	2	0	1	207	289	21066	Alba/Escocia	024
@alomar_planas3	<a href="https://twitter.com/alomar_planas3" target="_blank">alomar_planas3</a>	15	0	1	81	277	6100	Mallorca	002
@Alpeich	<a href="https://twitter.com/Alpeich" target="_blank">Alpeich</a>	9	0	1	90	94	1440		011
@amapola231	<a href="https://twitter.com/amapola231" target="_blank">amapola231</a>	5	0	1	64	405	1764		002
@amirabal10	<a href="https://twitter.com/amirabal10" target="_blank">amirabal10</a>	2	1	0	356	1125	2040	Reus, Catalunya	129
@ampordanes	<a href="https://twitter.com/ampordanes" target="_blank">ampordanes</a>	13	0	1	74	75	16620		002
@Ana3Marquez	<a href="https://twitter.com/Ana3Marquez" target="_blank">Ana3Marquez</a>	1	0	1	170	299	9585	Barcelona	002
@AnaRuizJurado1	<a href="https://twitter.com/AnaRuizJurado1" target="_blank">AnaRuizJurado1</a>	1	0	1	1902	1657	80599	Barcelona, España	004
@ANC_Manlleu	<a href="https://twitter.com/ANC_Manlleu" target="_blank">ANC_Manlleu</a>	0	3	0					040
@ANCCiutatVella	<a href="https://twitter.com/ANCCiutatVella" target="_blank">ANCCiutatVella</a>	13	0	1	1758	1141	23120	Barcelona	009
@anclescala	<a href="https://twitter.com/anclescala" target="_blank">anclescala</a>	0	1	0					118
@ANCLHospitalet	<a href="https://twitter.com/ANCLHospitalet" target="_blank">ANCLHospitalet</a>	16	0	1	6267	3756	46531	hospitalet-ll@assemblea.cat	004
@ANCNouBarris	<a href="https://twitter.com/ANCNouBarris" target="_blank">ANCNouBarris</a>	9	1	0	1846	1114	8548	Barcelona. Països Catalans	116
@ancpremiademar	<a href="https://twitter.com/ancpremiademar" target="_blank">ancpremiademar</a>	7	0	1	1583	222	3598	Premià de Mar-Països Catalans-	009
@anderguinver	<a href="https://twitter.com/anderguinver" target="_blank">anderguinver</a>	1	0	1	123	319	2190	Mataró	084
@AndoniOtx	<a href="https://twitter.com/AndoniOtx" target="_blank">AndoniOtx</a>	5	0	1	157	954	3227		001
@andreucordon	<a href="https://twitter.com/andreucordon" target="_blank">andreucordon</a>	1	0	1	50	26	220		012
@angelaECMataro	<a href="https://twitter.com/angelaECMataro" target="_blank">angelaECMataro</a>	2	0	1	34	251	628		038
@angelsmarc2	<a href="https://twitter.com/angelsmarc2" target="_blank">angelsmarc2</a>	15	0	1	34	139	2526		017
@angelsmcastells	<a href="https://twitter.com/angelsmcastells" target="_blank">angelsmcastells</a>	11	28	0	11276	2250	70786	Barcelona	003
@angelstomasgonz	<a href="https://twitter.com/angelstomasgonz" target="_blank">angelstomasgonz</a>	0	1	0					117
@angeluisbarrera	<a href="https://twitter.com/angeluisbarrera" target="_blank">angeluisbarrera</a>	3	0	1	582	980	8051		002
@anna_arque	<a href="https://twitter.com/anna_arque" target="_blank">anna_arque</a>	2	16	0	18782	4990	15541	Lleida-BCN-Països Catalans	018
@anna_sanllehy	<a href="https://twitter.com/anna_sanllehy" target="_blank">anna_sanllehy</a>	12	0	2	2697	4995	70657		013
@annabelsalinas	<a href="https://twitter.com/annabelsalinas" target="_blank">annabelsalinas</a>	3	0	1	36	205	321	teià	017
@annamariaroca	<a href="https://twitter.com/annamariaroca" target="_blank">annamariaroca</a>	1	0	1	21	63	101		110
@annasalicru	<a href="https://twitter.com/annasalicru" target="_blank">annasalicru</a>	2	2	0	1140	907	4793	Mataró	048
@annazamar	<a href="https://twitter.com/annazamar" target="_blank">annazamar</a>	2	7	0	581	434	2973	Sort, Catalunya	026
@anoiadiari	<a href="https://twitter.com/anoiadiari" target="_blank">anoiadiari</a>	1	8	0	6938	1389	29604	Igualada - Anoia	023
@AntonCros	<a href="https://twitter.com/AntonCros" target="_blank">AntonCros</a>	45	0	4	2705	3880	77135		005
@Antoni_Mallorca	<a href="https://twitter.com/Antoni_Mallorca" target="_blank">Antoni_Mallorca</a>	8	0	1	3631	1886	106479	Catalunya	002
@AntoniFerran	<a href="https://twitter.com/AntoniFerran" target="_blank">AntoniFerran</a>	9	0	1	172	244	5526	1-10. Hem votat ! 👋🏻👋🏻👋🏻	003
@antonio_pinedo	<a href="https://twitter.com/antonio_pinedo" target="_blank">antonio_pinedo</a>	7	0	1	75	115	8953	Barcelona	005
@arabia_ivan	<a href="https://twitter.com/arabia_ivan" target="_blank">arabia_ivan</a>	14	0	1	17	105	1282		003
@aracelipv	<a href="https://twitter.com/aracelipv" target="_blank">aracelipv</a>	10	0	1	65	268	1468	Barcelona	006
@arakemanuel	<a href="https://twitter.com/arakemanuel" target="_blank">arakemanuel</a>	2	0	1	28	169	1663	Barcelona, Catalunya	003
@Arcadi42	<a href="https://twitter.com/Arcadi42" target="_blank">Arcadi42</a>	9	0	1	13724	1077	20274	Catalunya	005
@ardatx	<a href="https://twitter.com/ardatx" target="_blank">ardatx</a>	13	0	2	272	570	33547		015
@armarioruiz	<a href="https://twitter.com/armarioruiz" target="_blank">armarioruiz</a>	1	0	1	599	653	5848	Barcelona, España	038
@arnaumeski	<a href="https://twitter.com/arnaumeski" target="_blank">arnaumeski</a>	4	0	1	2167	1555	2850	Catalunya	006
@arnauMP7	<a href="https://twitter.com/arnauMP7" target="_blank">arnauMP7</a>	1	0	1	83	243	124	Països Catalans	020
@Arran_Tarragona	<a href="https://twitter.com/Arran_Tarragona" target="_blank">Arran_Tarragona</a>	5	1	0	1300	1039	2388	Tarragona, Països Catalans	085
@arsraul	<a href="https://twitter.com/arsraul" target="_blank">arsraul</a>	3	0	1	44	356	278	Tarragona, Catalunya	085
@ArturColl	<a href="https://twitter.com/ArturColl" target="_blank">ArturColl</a>	9	1	0	1068	482	10621	Barcelona	080
@arturdcatalonia	<a href="https://twitter.com/arturdcatalonia" target="_blank">arturdcatalonia</a>	2	0	2	1084	3153	417		003
@arturorosero1	<a href="https://twitter.com/arturorosero1" target="_blank">arturorosero1</a>	1	0	1	172	156	14192	España	012
@assembleagroga	<a href="https://twitter.com/assembleagroga" target="_blank">assembleagroga</a>	0	1	0					012
@ateneuhosta	<a href="https://twitter.com/ateneuhosta" target="_blank">ateneuhosta</a>	2	1	0	931	1134	1751	c/Elisi 20, Hostafrancs, PPCC	086
@atopeuri	<a href="https://twitter.com/atopeuri" target="_blank">atopeuri</a>	21	0	1	747	2487	47713		124
@Atreyu77777	<a href="https://twitter.com/Atreyu77777" target="_blank">Atreyu77777</a>	1	0	1	150	509	4552		022
@AugeAabye	<a href="https://twitter.com/AugeAabye" target="_blank">AugeAabye</a>	23	0	1	2418	2482	53732	Barcelona España Catalunya	072
@AuriCurado	<a href="https://twitter.com/AuriCurado" target="_blank">AuriCurado</a>	2	0	1	67	268	1179	NuncaJamas	009
@Aurora_Madaula	<a href="https://twitter.com/Aurora_Madaula" target="_blank">Aurora_Madaula</a>	2	1	0	3397	2438	24836	Catalunya	073
@Axelman72	<a href="https://twitter.com/Axelman72" target="_blank">Axelman72</a>	1	0	1	74	52	232		023
@AyemOskoz	<a href="https://twitter.com/AyemOskoz" target="_blank">AyemOskoz</a>	2	0	2	555	1657	5970		001
@BadiaJordi	<a href="https://twitter.com/BadiaJordi" target="_blank">BadiaJordi</a>	3	0	1	2570	730	8853	La Guàrdia Pilosa	023
@Banetes	<a href="https://twitter.com/Banetes" target="_blank">Banetes</a>	1	0	1	516	414	29823		020
@BaroOriol	<a href="https://twitter.com/BaroOriol" target="_blank">BaroOriol</a>	2	0	1	76	248	320		019
@barrera_sagaon	<a href="https://twitter.com/barrera_sagaon" target="_blank">barrera_sagaon</a>	1	0	1	711	258	116192	Staten Island NY	020
@barslonga	<a href="https://twitter.com/barslonga" target="_blank">barslonga</a>	1	0	1	61	110	1109		037
@Belaroi	<a href="https://twitter.com/Belaroi" target="_blank">Belaroi</a>	43	0	1	533	652	18743	Girona	030
@Bernat_Sort	<a href="https://twitter.com/Bernat_Sort" target="_blank">Bernat_Sort</a>	1	0	1	24	176	490		012
@bernatpicornell	<a href="https://twitter.com/bernatpicornell" target="_blank">bernatpicornell</a>	0	1	0					071
@bertasosa91	<a href="https://twitter.com/bertasosa91" target="_blank">bertasosa91</a>	9	0	1	90	223	2800		003
@BetonaComin	<a href="https://twitter.com/BetonaComin" target="_blank">BetonaComin</a>	2	0	1	3119	1705	40742	Catalunya	007
@BioMaresme	<a href="https://twitter.com/BioMaresme" target="_blank">BioMaresme</a>	7	0	1	1353	2415	11840	Catalunya	005
@Blancafaldabo	<a href="https://twitter.com/Blancafaldabo" target="_blank">Blancafaldabo</a>	6	0	1	123	74	767	España	005
@bombersvlrd	<a href="https://twitter.com/bombersvlrd" target="_blank">bombersvlrd</a>	1	3	0	996	724	294	Catalunya (Tgn - Alt Camp)	008
@Boncopdefals1	<a href="https://twitter.com/Boncopdefals1" target="_blank">Boncopdefals1</a>	1	0	1	103	552	638	Catalunya, Espanya	119
@boonen_tb	<a href="https://twitter.com/boonen_tb" target="_blank">boonen_tb</a>	2	0	1	6	30	353		026
@bori_not	<a href="https://twitter.com/bori_not" target="_blank">bori_not</a>	9	1	0	1905	628	82627	Països Catalans	065
@BouNuria	<a href="https://twitter.com/BouNuria" target="_blank">BouNuria</a>	1	0	1	197	189	868	Sant Cugat	122
@briansantos31	<a href="https://twitter.com/briansantos31" target="_blank">briansantos31</a>	1	0	1	87	270	1028		028
@Brugarolas	<a href="https://twitter.com/Brugarolas" target="_blank">Brugarolas</a>	2	1	0	2496	1834	7579	Sant Cugat	063
@brunatribo	<a href="https://twitter.com/brunatribo" target="_blank">brunatribo</a>	2	0	1	106	202	395	Sant Esteve de Palautordera	053
@buxi1972	<a href="https://twitter.com/buxi1972" target="_blank">buxi1972</a>	8	0	1	99	114	3422	Arrelada a la Vall del Ges.	011
@bvitlloch	<a href="https://twitter.com/bvitlloch" target="_blank">bvitlloch</a>	1	0	1	12	54	33		009
@Campdelasort	<a href="https://twitter.com/Campdelasort" target="_blank">Campdelasort</a>	6	0	3	472	492	1579	Bonastre, Tarragona	008
@cancapablanca	<a href="https://twitter.com/cancapablanca" target="_blank">cancapablanca</a>	0	8	0					012
@Candeliano	<a href="https://twitter.com/Candeliano" target="_blank">Candeliano</a>	0	2	0					055
@capgros4	<a href="https://twitter.com/capgros4" target="_blank">capgros4</a>	14	0	1	953	2451	9315	països catalans	008
@capitacanavego	<a href="https://twitter.com/capitacanavego" target="_blank">capitacanavego</a>	14	0	1	642	1956	31565		003
@carlaa_r	<a href="https://twitter.com/carlaa_r" target="_blank">carlaa_r</a>	1	0	1	137	223	1349		106
@Carles1968	<a href="https://twitter.com/Carles1968" target="_blank">Carles1968</a>	2	0	1	196	630	1828	Sabadell - Països Catalans	018
@CarlesHeredia	<a href="https://twitter.com/CarlesHeredia" target="_blank">CarlesHeredia</a>	1	1	0	1257	850	2420	Valls	130
@carlesmayoral	<a href="https://twitter.com/carlesmayoral" target="_blank">carlesmayoral</a>	2	0	1	144	415	1648		005
@CarlesMundo	<a href="https://twitter.com/CarlesMundo" target="_blank">CarlesMundo</a>	1	12	0	15715	834	7987	Catalunya	007
@carlespamies	<a href="https://twitter.com/carlespamies" target="_blank">carlespamies</a>	26	0	2	1178	1103	86670	Castellví d la Marca Catalunya	018
@CARLESRIUS	<a href="https://twitter.com/CARLESRIUS" target="_blank">CARLESRIUS</a>	9	0	1	4270	4532	49035	BCN-VNG-BELLCAIRE D'URGELL	006
@carlesrocapou	<a href="https://twitter.com/carlesrocapou" target="_blank">carlesrocapou</a>	2	0	1	296	276	640		076
@CarlosJMartin2	<a href="https://twitter.com/CarlosJMartin2" target="_blank">CarlosJMartin2</a>	1	0	1	731	959	15967	Ciudad del Betis	028
@carme_sez	<a href="https://twitter.com/carme_sez" target="_blank">carme_sez</a>	1	0	1	123	253	4849		001
@carmen_uviedo	<a href="https://twitter.com/carmen_uviedo" target="_blank">carmen_uviedo</a>	16	0	1	82	227	6818	Premià de Mar, Catalunya	088
@Carmina7	<a href="https://twitter.com/Carmina7" target="_blank">Carmina7</a>	4	0	1	1144	616	3758	Sort, Pallars Sobirà ||*||	027
@castells_emma	<a href="https://twitter.com/castells_emma" target="_blank">castells_emma</a>	2	0	1	295	611	13629		005
@castellviteresa	<a href="https://twitter.com/castellviteresa" target="_blank">castellviteresa</a>	2	0	1	741	539	66136	paris france	003
@catalajoanam	<a href="https://twitter.com/catalajoanam" target="_blank">catalajoanam</a>	4	0	1	113	363	8055	Barcelona, España	013
@CatalanRobot	<a href="https://twitter.com/CatalanRobot" target="_blank">CatalanRobot</a>	54	0	3	239	1	22090	Catalonia	009
@CatarifeTrs	<a href="https://twitter.com/CatarifeTrs" target="_blank">CatarifeTrs</a>	3	0	1	250	798	3201	Tenerife	120
@CatCentralDC	<a href="https://twitter.com/CatCentralDC" target="_blank">CatCentralDC</a>	0	2	0					049
@CATexit61	<a href="https://twitter.com/CATexit61" target="_blank">CATexit61</a>	5	0	1	57	196	4728	Ciutadà Del Món	006
@cbonaventura	<a href="https://twitter.com/cbonaventura" target="_blank">cbonaventura</a>	40	0	1	3764	4415	71820	Girona	018
@CDR_SEulalia	<a href="https://twitter.com/CDR_SEulalia" target="_blank">CDR_SEulalia</a>	12	1	0	501	378	236	L'Hospitalet de Llobregat	114
@CDRGoticRaval	<a href="https://twitter.com/CDRGoticRaval" target="_blank">CDRGoticRaval</a>	11	5	0	982	44	497	El Raval, Barcelona	013
@cecilia05021966	<a href="https://twitter.com/cecilia05021966" target="_blank">cecilia05021966</a>	1	0	1	6	79	459		017
@CesarMunizC	<a href="https://twitter.com/CesarMunizC" target="_blank">CesarMunizC</a>	1	0	1	25	102	468		011
@cforganya	<a href="https://twitter.com/cforganya" target="_blank">cforganya</a>	2	0	1	782	150	2246	Organyà	056
@ChachoAlmaraz	<a href="https://twitter.com/ChachoAlmaraz" target="_blank">ChachoAlmaraz</a>	2	3	0	3134	195	13608	Por el bajo Llobregat	007
@ChuckBeretz	<a href="https://twitter.com/ChuckBeretz" target="_blank">ChuckBeretz</a>	1	0	1	634	63	7940	California Republic	031
@cipotal	<a href="https://twitter.com/cipotal" target="_blank">cipotal</a>	3	0	1	892	2292	11431	Catalan Republic	027
@CiscuOrtega	<a href="https://twitter.com/CiscuOrtega" target="_blank">CiscuOrtega</a>	27	0	1	210	403	8393	Vilanova i la Geltrú	121
@Cjaumev	<a href="https://twitter.com/Cjaumev" target="_blank">Cjaumev</a>	28	0	1	974	2003	40287		102
@clararoher	<a href="https://twitter.com/clararoher" target="_blank">clararoher</a>	1	0	1	54	78	39		010
@clermMarisa	<a href="https://twitter.com/clermMarisa" target="_blank">clermMarisa</a>	1	0	1	683	623	15575	Amer	059
@ClotDecideix	<a href="https://twitter.com/ClotDecideix" target="_blank">ClotDecideix</a>	11	1	0	982	213	804	el Camp de l'Arpa del Clot	113
@ClotEnComu	<a href="https://twitter.com/ClotEnComu" target="_blank">ClotEnComu</a>	9	0	1	1619	3218	11709	Clot-Camp de l'Arpa, Barcelona	113
@COMMUNIST_FISH	<a href="https://twitter.com/COMMUNIST_FISH" target="_blank">COMMUNIST_FISH</a>	1	0	1	30	142	1062		022
@ConfiteorBlog	<a href="https://twitter.com/ConfiteorBlog" target="_blank">ConfiteorBlog</a>	0	1	0					112
@ConxitaBou	<a href="https://twitter.com/ConxitaBou" target="_blank">ConxitaBou</a>	26	0	2	851	1335	50361	Catalunya	006
@cora_mm	<a href="https://twitter.com/cora_mm" target="_blank">cora_mm</a>	2	0	1	996	802	3680		023
@coralbellesarts	<a href="https://twitter.com/coralbellesarts" target="_blank">coralbellesarts</a>	1	1	0	546	260	500	Sabadell	110
@correoderobert	<a href="https://twitter.com/correoderobert" target="_blank">correoderobert</a>	2	1	0	2666	857	79844	Barbera del Valles	109
@cotarelo_lorena	<a href="https://twitter.com/cotarelo_lorena" target="_blank">cotarelo_lorena</a>	3	0	1	39	83	1196	Santpedor, Espanya	006
@CRIS_taconassos	<a href="https://twitter.com/CRIS_taconassos" target="_blank">CRIS_taconassos</a>	4	1	0	4622	2292	75076	Catalunya	108
@crismatarin	<a href="https://twitter.com/crismatarin" target="_blank">crismatarin</a>	1	0	1	43	340	553		002
@crissansem	<a href="https://twitter.com/crissansem" target="_blank">crissansem</a>	15	0	1	954	919	57644	Catalunya	019
@cristinasola74	<a href="https://twitter.com/cristinasola74" target="_blank">cristinasola74</a>	0	1	0					107
@cryptoparrot	<a href="https://twitter.com/cryptoparrot" target="_blank">cryptoparrot</a>	2	0	1	2	0	33		101
@ctaillebresse	<a href="https://twitter.com/ctaillebresse" target="_blank">ctaillebresse</a>	1	0	1	138	340	8920	Saint-gaudens	020
@ctnajt	<a href="https://twitter.com/ctnajt" target="_blank">ctnajt</a>	1	0	1	191	687	6889		037
@CUPBarcelona	<a href="https://twitter.com/CUPBarcelona" target="_blank">CUPBarcelona</a>	7	3	0	19446	1580	32803	Barcelona	010
@CUPSabadell	<a href="https://twitter.com/CUPSabadell" target="_blank">CUPSabadell</a>	9	0	1	4361	2459	12933	Sabadell, Països Catalans	012
@CUPSantCeloni	<a href="https://twitter.com/CUPSantCeloni" target="_blank">CUPSantCeloni</a>	0	2	0					053
@cupvobm	<a href="https://twitter.com/cupvobm" target="_blank">cupvobm</a>	11	0	1	123	213	1788	Vallès Oriental-Baix Montseny	053
@cvfluri	<a href="https://twitter.com/cvfluri" target="_blank">cvfluri</a>	0	1	0					106
@danielbetoret	<a href="https://twitter.com/danielbetoret" target="_blank">danielbetoret</a>	13	0	2	791	604	9109	Alacant	002
@danivalverdeb	<a href="https://twitter.com/danivalverdeb" target="_blank">danivalverdeb</a>	14	0	2	954	877	63460	Catalunya	002
@David_SiSi	<a href="https://twitter.com/David_SiSi" target="_blank">David_SiSi</a>	1	0	1	96	215	320	A cavall de dos llocs	011
@dboschpe	<a href="https://twitter.com/dboschpe" target="_blank">dboschpe</a>	1	0	1	896	2529	3534	Manlleu.Catalunya.Europa UE.	049
@dejaddevotarhdp	<a href="https://twitter.com/dejaddevotarhdp" target="_blank">dejaddevotarhdp</a>	1	0	1	71	353	1266		002
@dekuwaka	<a href="https://twitter.com/dekuwaka" target="_blank">dekuwaka</a>	1	0	1	168	659	7112	A prop de la mar...	002
@DeliaEstevez	<a href="https://twitter.com/DeliaEstevez" target="_blank">DeliaEstevez</a>	4	0	1	490	982	12386	From Lleida to the world	005
@DemocratesBCN	<a href="https://twitter.com/DemocratesBCN" target="_blank">DemocratesBCN</a>	11	0	1	728	600	4155	Barcelona, Cataluña	049
@DesEsseintes_Jr	<a href="https://twitter.com/DesEsseintes_Jr" target="_blank">DesEsseintes_Jr</a>	3	0	1	521	1925	4819	Catalonia	029
@desobdcme	<a href="https://twitter.com/desobdcme" target="_blank">desobdcme</a>	7	0	1	146	265	9207	Iruña	103
@despertaferro74	<a href="https://twitter.com/despertaferro74" target="_blank">despertaferro74</a>	16	0	1	93	408	5974		031
@devantalades	<a href="https://twitter.com/devantalades" target="_blank">devantalades</a>	3	0	1	96	524	2014	Oklahoma City	021
@dfertl	<a href="https://twitter.com/dfertl" target="_blank">dfertl</a>	10	1	0	1136	3400	4786	Brussels, Belgium	105
@dgalileag	<a href="https://twitter.com/dgalileag" target="_blank">dgalileag</a>	6	0	1	88	591	2696		068
@didaz	<a href="https://twitter.com/didaz" target="_blank">didaz</a>	1	0	1	123	87	2080	Palma de Mallorca	011
@DjRepubliCAT	<a href="https://twitter.com/DjRepubliCAT" target="_blank">DjRepubliCAT</a>	11	1	0	5127	5222	30232	República Catalana	104
@dmascort	<a href="https://twitter.com/dmascort" target="_blank">dmascort</a>	0	4	0					030
@dobiols_	<a href="https://twitter.com/dobiols_" target="_blank">dobiols_</a>	4	0	1	144	516	556	Balsareny, Espanya	052
@doctorslum75	<a href="https://twitter.com/doctorslum75" target="_blank">doctorslum75</a>	6	0	1	354	520	9148	Nueva York, USA	006
@Dolors63	<a href="https://twitter.com/Dolors63" target="_blank">Dolors63</a>	25	0	2	3360	1217	112503	Catalunya	006
@DolorsMoreno74	<a href="https://twitter.com/DolorsMoreno74" target="_blank">DolorsMoreno74</a>	2	0	1	139	331	1338	Llers	045
@Dom70Bcn	<a href="https://twitter.com/Dom70Bcn" target="_blank">Dom70Bcn</a>	12	0	1	3923	3288	117799	Barcelona	006
@DraRubioMayol	<a href="https://twitter.com/DraRubioMayol" target="_blank">DraRubioMayol</a>	31	5	1	861	1304	33770	La Selva del Camp	033
@Dsolerortinez	<a href="https://twitter.com/Dsolerortinez" target="_blank">Dsolerortinez</a>	1	0	1	116	182	98	Barcelona-Igualada-Sabadell	023
@economiacat1	<a href="https://twitter.com/economiacat1" target="_blank">economiacat1</a>	18	0	1	1319	362	29547	Catalunya	065
@eduard_federico	<a href="https://twitter.com/eduard_federico" target="_blank">eduard_federico</a>	10	0	1	58	150	5251	Catalunya	011
@eduardcabus	<a href="https://twitter.com/eduardcabus" target="_blank">eduardcabus</a>	4	21	0	14503	5921	82460		006
@eduardcirera	<a href="https://twitter.com/eduardcirera" target="_blank">eduardcirera</a>	2	6	0	875	1054	7528	Catalunya	006
@educarma64	<a href="https://twitter.com/educarma64" target="_blank">educarma64</a>	1	0	1	50	58	908		042
@el_posdicador	<a href="https://twitter.com/el_posdicador" target="_blank">el_posdicador</a>	1	0	1	65	532	2497		002
@ElGripau	<a href="https://twitter.com/ElGripau" target="_blank">ElGripau</a>	1	0	1	45	136	140	Oakland, CA	018
@eljuliet_bnv	<a href="https://twitter.com/eljuliet_bnv" target="_blank">eljuliet_bnv</a>	2	0	1	150	151	7459		003
@elmeuamic	<a href="https://twitter.com/elmeuamic" target="_blank">elmeuamic</a>	1	0	1	7	33	663		011
@Elnomnofalacosa	<a href="https://twitter.com/Elnomnofalacosa" target="_blank">Elnomnofalacosa</a>	8	1	0	532	1112	14672	República Catalana	083
@eltrenas	<a href="https://twitter.com/eltrenas" target="_blank">eltrenas</a>	2	0	1	217	525	1810	la Trinitat Nova, Barcelona	116
@Emili_Pedrola	<a href="https://twitter.com/Emili_Pedrola" target="_blank">Emili_Pedrola</a>	2	0	1	183	424	1905	Catalunya	040
@EmthreeCubed	<a href="https://twitter.com/EmthreeCubed" target="_blank">EmthreeCubed</a>	1	0	1	461	1300	40283	The Middle of Nowhere	022
@EnCesc	<a href="https://twitter.com/EnCesc" target="_blank">EnCesc</a>	3	0	1	202	419	15995	Catalunya	005
@Encoberts	<a href="https://twitter.com/Encoberts" target="_blank">Encoberts</a>	27	0	1	628	1505	52997	Xàtiva	047
@enricmercade	<a href="https://twitter.com/enricmercade" target="_blank">enricmercade</a>	1	1	0	1386	2322	8747	L'Espluga de Francolí	079
@EnricRh	<a href="https://twitter.com/EnricRh" target="_blank">EnricRh</a>	1	0	1	80	109	295		035
@Epicuri	<a href="https://twitter.com/Epicuri" target="_blank">Epicuri</a>	20	0	2	371	332	70112		010
@erc_a_manresa	<a href="https://twitter.com/erc_a_manresa" target="_blank">erc_a_manresa</a>	2	2	0	2348	1536	3733	Manresa, Països Catalans	047
@ERC_agricultura	<a href="https://twitter.com/ERC_agricultura" target="_blank">ERC_agricultura</a>	1	0	1	20	49	28	Catalunya	030
@ERC_Salou	<a href="https://twitter.com/ERC_Salou" target="_blank">ERC_Salou</a>	0	1	0					077
@ErnestPinsap	<a href="https://twitter.com/ErnestPinsap" target="_blank">ErnestPinsap</a>	33	0	1	258	1468	41808		021
@esportpelsi	<a href="https://twitter.com/esportpelsi" target="_blank">esportpelsi</a>	0	3	0					038
@estemon	<a href="https://twitter.com/estemon" target="_blank">estemon</a>	36	0	1	458	528	6387	Barcelona	016
@Esterdelyu	<a href="https://twitter.com/Esterdelyu" target="_blank">Esterdelyu</a>	1	0	1	9	57	13	Sant Pere de Ribes, España	130
@esther_cols	<a href="https://twitter.com/esther_cols" target="_blank">esther_cols</a>	2	0	1	5	111	244	Mataró, España	011
@estripaboires	<a href="https://twitter.com/estripaboires" target="_blank">estripaboires</a>	3	0	1	208	604	4694	Catalunya (Nació)	066
@EtstuSocjo	<a href="https://twitter.com/EtstuSocjo" target="_blank">EtstuSocjo</a>	5	0	1	97	211	9400	New York, NY	048
@eugeniabr85	<a href="https://twitter.com/eugeniabr85" target="_blank">eugeniabr85</a>	4	0	1	433	745	3713	Vilafranca del Penedès	080
@EugeniMas	<a href="https://twitter.com/EugeniMas" target="_blank">EugeniMas</a>	25	0	1	198	543	29101		021
@EUROLANG	<a href="https://twitter.com/EUROLANG" target="_blank">EUROLANG</a>	2	3	0	3647	1422	8969	Brussels, Truro, Barcelona.	002
@EvaAranguren1	<a href="https://twitter.com/EvaAranguren1" target="_blank">EvaAranguren1</a>	4	0	1	2245	1140	41821	Iruñea	001
@evaclauso	<a href="https://twitter.com/evaclauso" target="_blank">evaclauso</a>	0	2	0					044
@evaesnal	<a href="https://twitter.com/evaesnal" target="_blank">evaesnal</a>	2	0	1	56	83	4099		064
@evasebher	<a href="https://twitter.com/evasebher" target="_blank">evasebher</a>	1	0	1	18	96	442		058
@EvaVinolas	<a href="https://twitter.com/EvaVinolas" target="_blank">EvaVinolas</a>	0	1	0					013
@evbordas	<a href="https://twitter.com/evbordas" target="_blank">evbordas</a>	2	0	1	4	55	353	Catalunya.	024
@fatima13llc	<a href="https://twitter.com/fatima13llc" target="_blank">fatima13llc</a>	2	0	1	109	210	2109	RepúblicaCat	019
@fcesccruanyes	<a href="https://twitter.com/fcesccruanyes" target="_blank">fcesccruanyes</a>	0	2	0					045
@Ferran_Bel	<a href="https://twitter.com/Ferran_Bel" target="_blank">Ferran_Bel</a>	4	0	1	4414	367	22318	Tortosa Terres de l'Ebre	006
@FerranSuay	<a href="https://twitter.com/FerranSuay" target="_blank">FerranSuay</a>	3	0	1	3639	2099	29071	País Valencià	002
@finselmai	<a href="https://twitter.com/finselmai" target="_blank">finselmai</a>	1	0	1	42	111	79	CATALUNYA	006
@fopiga	<a href="https://twitter.com/fopiga" target="_blank">fopiga</a>	11	0	1	340	648	30055	Barcelona	073
@forescat	<a href="https://twitter.com/forescat" target="_blank">forescat</a>	1	0	1	83	81	864		027
@francescms	<a href="https://twitter.com/francescms" target="_blank">francescms</a>	5	0	1	1811	497	77943		117
@francescmuntada	<a href="https://twitter.com/francescmuntada" target="_blank">francescmuntada</a>	1	0	1	4649	5109	14406	Catalunya	025
@frankinero79	<a href="https://twitter.com/frankinero79" target="_blank">frankinero79</a>	9	0	1	293	963	4257	Tarragona (Països Catalans)	001
@freaking_gyb	<a href="https://twitter.com/freaking_gyb" target="_blank">freaking_gyb</a>	3	0	1	623	760	9137	Catalunya	005
@GasparCarme	<a href="https://twitter.com/GasparCarme" target="_blank">GasparCarme</a>	1	1	0	90	689	672	Catalunya	067
@gavaldairujo	<a href="https://twitter.com/gavaldairujo" target="_blank">gavaldairujo</a>	4	0	1	41	103	1036	St Feliu de Guíxols, Catalunya	007
@Gay_Luss4c	<a href="https://twitter.com/Gay_Luss4c" target="_blank">Gay_Luss4c</a>	9	0	1	125	284	5222		006
@gcodqui	<a href="https://twitter.com/gcodqui" target="_blank">gcodqui</a>	32	0	1	530	1292	19325	Barcelona,Catalunya	006
@GemmaRecoderM	<a href="https://twitter.com/GemmaRecoderM" target="_blank">GemmaRecoderM</a>	2	1	0	15309	293	3835	Barcelona	066
@gemquim	<a href="https://twitter.com/gemquim" target="_blank">gemquim</a>	20	4	0	4141	4080	91648	Barcelona, Catalunya	016
@Gemsct	<a href="https://twitter.com/Gemsct" target="_blank">Gemsct</a>	1	0	1	341	452	786	Catalonia	019
@Gina1899	<a href="https://twitter.com/Gina1899" target="_blank">Gina1899</a>	0	1	0					011
@gingerjentzen	<a href="https://twitter.com/gingerjentzen" target="_blank">gingerjentzen</a>	1	0	1	1723	1367	2287		022
@giorgiobv	<a href="https://twitter.com/giorgiobv" target="_blank">giorgiobv</a>	7	0	1	4440	4368	53683	catalunya	003
@gironamola	<a href="https://twitter.com/gironamola" target="_blank">gironamola</a>	20	0	1	1793	5002	31589	Girona, Catalunya	112
@gloriagarciap	<a href="https://twitter.com/gloriagarciap" target="_blank">gloriagarciap</a>	0	2	0					042
@Gloriaplanas	<a href="https://twitter.com/Gloriaplanas" target="_blank">Gloriaplanas</a>	21	0	1	525	717	46636	Cardedeu, Catalunya	021
@goldismine2016	<a href="https://twitter.com/goldismine2016" target="_blank">goldismine2016</a>	22	0	1	30	31	3170		019
@grafic1969	<a href="https://twitter.com/grafic1969" target="_blank">grafic1969</a>	3	0	1	725	1188	9733		017
@guifre2053	<a href="https://twitter.com/guifre2053" target="_blank">guifre2053</a>	67	0	1	964	1407	169567	Sabadell, Vallès, Catalunya	016
@guillemseri	<a href="https://twitter.com/guillemseri" target="_blank">guillemseri</a>	2	0	1	279	181	2306	Tarragona	007
@hannahbcn1	<a href="https://twitter.com/hannahbcn1" target="_blank">hannahbcn1</a>	29	0	2	2666	2968	118923	Barcelona, Catalunya	006
@HeiwaSan123	<a href="https://twitter.com/HeiwaSan123" target="_blank">HeiwaSan123</a>	3	0	1	9	83	55		030
@helteo73	<a href="https://twitter.com/helteo73" target="_blank">helteo73</a>	49	0	1	1137	4569	30189	Barcelona	014
@HereudeCanPich	<a href="https://twitter.com/HereudeCanPich" target="_blank">HereudeCanPich</a>	18	0	1	3948	3222	47692		004
@HiriBizia	<a href="https://twitter.com/HiriBizia" target="_blank">HiriBizia</a>	4	1	0	2340	805	18385	Donostia	064
@HubertineAucler	<a href="https://twitter.com/HubertineAucler" target="_blank">HubertineAucler</a>	2	0	1	183	749	6577		011
@iGenoves	<a href="https://twitter.com/iGenoves" target="_blank">iGenoves</a>	0	7	0					025
@Indautxutik	<a href="https://twitter.com/Indautxutik" target="_blank">Indautxutik</a>	9	7	0	3034	2395	19750	Bilbo Euskal Herria	006
@IndyRefBot	<a href="https://twitter.com/IndyRefBot" target="_blank">IndyRefBot</a>	4	0	1	303	0	27312		006
@Ingrid25700	<a href="https://twitter.com/Ingrid25700" target="_blank">Ingrid25700</a>	1	0	1	57	212	135		044
@InmaculadaOrt10	<a href="https://twitter.com/InmaculadaOrt10" target="_blank">InmaculadaOrt10</a>	2	0	1	364	833	14935	Las Palmas de Gran Canaria, Es	074
@IPadulles	<a href="https://twitter.com/IPadulles" target="_blank">IPadulles</a>	1	0	1	92	257	811		027
@irenguallar	<a href="https://twitter.com/irenguallar" target="_blank">irenguallar</a>	0	1	0					128
@IsThisAB0t	<a href="https://twitter.com/IsThisAB0t" target="_blank">IsThisAB0t</a>	61	0	1	2460	1272	415431	Scotland, United Kingdom	006
@itargipetik	<a href="https://twitter.com/itargipetik" target="_blank">itargipetik</a>	1	0	1	84	147	3633	Euskal Herria	001
@IzquierdaRevMx	<a href="https://twitter.com/IzquierdaRevMx" target="_blank">IzquierdaRevMx</a>	4	0	1	625	519	2326	México	022
@jadingoo	<a href="https://twitter.com/jadingoo" target="_blank">jadingoo</a>	10	0	1	38	123	2277	República de Catalunya	002
@janaut44	<a href="https://twitter.com/janaut44" target="_blank">janaut44</a>	1	0	1	95	172	11125	La Pobla de Segur, Catalunya	006
@JarcBE	<a href="https://twitter.com/JarcBE" target="_blank">JarcBE</a>	0	1	0					003
@jaumedavi	<a href="https://twitter.com/jaumedavi" target="_blank">jaumedavi</a>	2	0	1	356	813	13733	Catalunya	020
@JaumeLlanso	<a href="https://twitter.com/JaumeLlanso" target="_blank">JaumeLlanso</a>	6	0	1	186	20	1683		003
@JaumePalafugell	<a href="https://twitter.com/JaumePalafugell" target="_blank">JaumePalafugell</a>	3	0	2	764	744	23608	Palafrugell/Vila de Gràcia	014
@jaumeserrag	<a href="https://twitter.com/jaumeserrag" target="_blank">jaumeserrag</a>	3	0	1	141	433	8344		043
@jaumesol	<a href="https://twitter.com/jaumesol" target="_blank">jaumesol</a>	31	0	1	690	324	76126	Vidreres (Girona) Spain	009
@Jcarbones	<a href="https://twitter.com/Jcarbones" target="_blank">Jcarbones</a>	1	0	1	499	992	5789	Catalunya / St. Qgat	019
@jcecatalunya	<a href="https://twitter.com/jcecatalunya" target="_blank">jcecatalunya</a>	8	0	1	3522	3991	47212	República de Catalunya, EU	046
@jcm_jcm2011	<a href="https://twitter.com/jcm_jcm2011" target="_blank">jcm_jcm2011</a>	6	0	1	139	247	16648		011
@jcuixart	<a href="https://twitter.com/jcuixart" target="_blank">jcuixart</a>	0	1	0					127
@jcunya	<a href="https://twitter.com/jcunya" target="_blank">jcunya</a>	7	0	1	182	223	4859	CAT	046
@JDeportos	<a href="https://twitter.com/JDeportos" target="_blank">JDeportos</a>	9	0	1	612	2735	17758	Sitges	083
@JERCReus	<a href="https://twitter.com/JERCReus" target="_blank">JERCReus</a>	0	1	0					004
@jir581	<a href="https://twitter.com/jir581" target="_blank">jir581</a>	3	0	1	181	827	5813	SABADELL, CATALUNYA.	011
@jiru35	<a href="https://twitter.com/jiru35" target="_blank">jiru35</a>	4	0	1	299	702	11215	Barcelona	021
@Jjtfmo	<a href="https://twitter.com/Jjtfmo" target="_blank">Jjtfmo</a>	2	0	1	160	494	5809		001
@Jlbuscareta	<a href="https://twitter.com/Jlbuscareta" target="_blank">Jlbuscareta</a>	1	0	1	376	484	4174	República de Caudiel	054
@jmartimayol	<a href="https://twitter.com/jmartimayol" target="_blank">jmartimayol</a>	7	0	1	188	253	3368	Molins de Rei	006
@jmterricabras	<a href="https://twitter.com/jmterricabras" target="_blank">jmterricabras</a>	1	8	0	32928	606	3914	Girona	024
@jnadalcanto	<a href="https://twitter.com/jnadalcanto" target="_blank">jnadalcanto</a>	1	0	1	547	1318	5601	Cardedeu, España	078
@JNCBaixCamp	<a href="https://twitter.com/JNCBaixCamp" target="_blank">JNCBaixCamp</a>	2	2	0	493	559	562	Pl. Mercadal 17, 1r - Reus	050
@JNCtdlleida	<a href="https://twitter.com/JNCtdlleida" target="_blank">JNCtdlleida</a>	3	0	1	1086	1235	2331	Terres de Lleida, Catalunya	006
@joakimVivas	<a href="https://twitter.com/joakimVivas" target="_blank">joakimVivas</a>	2	1	0	2807	3971	22375	Sant Cugat del Vallès, Spain	057
@joancguerrero	<a href="https://twitter.com/joancguerrero" target="_blank">joancguerrero</a>	20	1	0	813	3313	14331	BCN&GRN ||*||	004
@joancm96	<a href="https://twitter.com/joancm96" target="_blank">joancm96</a>	1	0	1	65	93	590		020
@joandausa	<a href="https://twitter.com/joandausa" target="_blank">joandausa</a>	1	1	0	14698	3663	3971	Sant Feliu de Llobregat. CAT	122
@joanfr72	<a href="https://twitter.com/joanfr72" target="_blank">joanfr72</a>	2	0	1	257	566	10119	catalunya is not spain	018
@JoanFSogas	<a href="https://twitter.com/JoanFSogas" target="_blank">JoanFSogas</a>	3	0	1	113	464	2917		006
@JoanGalera7	<a href="https://twitter.com/JoanGalera7" target="_blank">JoanGalera7</a>	0	2	0					054
@joangv66	<a href="https://twitter.com/joangv66" target="_blank">joangv66</a>	8	0	1	208	680	17444	An Occupied Country	005
@joanmariapique	<a href="https://twitter.com/joanmariapique" target="_blank">joanmariapique</a>	12	38	0	18693	3854	90362	Barcelona, Catalunya	011
@joanmorabosch	<a href="https://twitter.com/joanmorabosch" target="_blank">joanmorabosch</a>	2	0	1	4273	1908	13677	Mataró-Barcelona & Madrid	011
@joanna_garca	<a href="https://twitter.com/joanna_garca" target="_blank">joanna_garca</a>	1	0	1	44	254	883	castellbisbal	012
@joanqueralto	<a href="https://twitter.com/joanqueralto" target="_blank">joanqueralto</a>	10	5	0	26004	24554	81483	Barcelona	014
@JoanRamonL	<a href="https://twitter.com/JoanRamonL" target="_blank">JoanRamonL</a>	4	0	1	7	46	1038		009
@JoanSalaGiner	<a href="https://twitter.com/JoanSalaGiner" target="_blank">JoanSalaGiner</a>	3	0	1	1535	1516	14934	Tarragona, Catalunya	094
@JoanSPuigPasqua	<a href="https://twitter.com/JoanSPuigPasqua" target="_blank">JoanSPuigPasqua</a>	1	0	1	213	315	12244	Barcelona	007
@jodido_cielo	<a href="https://twitter.com/jodido_cielo" target="_blank">jodido_cielo</a>	1	0	1	3399	2170	13851		109
@jofesan	<a href="https://twitter.com/jofesan" target="_blank">jofesan</a>	2	0	1	1242	810	62599	Catalunya	024
@Jordi278	<a href="https://twitter.com/Jordi278" target="_blank">Jordi278</a>	10	0	1	74	361	7154	Catalunya	006
@jordiboucompte	<a href="https://twitter.com/jordiboucompte" target="_blank">jordiboucompte</a>	3	1	0	429	806	1065		111
@jordicuminal	<a href="https://twitter.com/jordicuminal" target="_blank">jordicuminal</a>	4	0	1	6557	2391	11620	Sant Celoni. Catalunya	011
@jordieasy	<a href="https://twitter.com/jordieasy" target="_blank">jordieasy</a>	2	0	1	278	364	13012	Girona, Catalonia	011
@JordiGuellB	<a href="https://twitter.com/JordiGuellB" target="_blank">JordiGuellB</a>	1	0	1	171	585	5759	República Catalana	021
@JORDIIBANEZNI	<a href="https://twitter.com/JORDIIBANEZNI" target="_blank">JORDIIBANEZNI</a>	11	0	1	829	1768	11831	L'Hospitalet de Llobregat -	004
@JordiMonros	<a href="https://twitter.com/JordiMonros" target="_blank">JordiMonros</a>	10	6	0	2695	2133	17322	L'Hospitalet de Llobregat	004
@jordipons8	<a href="https://twitter.com/jordipons8" target="_blank">jordipons8</a>	13	0	1	22	100	2754	Catalunya	003
@JordiSerrallon1	<a href="https://twitter.com/JordiSerrallon1" target="_blank">JordiSerrallon1</a>	7	0	1	39	513	4307		005
@joreyesce	<a href="https://twitter.com/joreyesce" target="_blank">joreyesce</a>	3	0	1	2	82	372	Barcelona, Cataluña	018
@jose_alcibar	<a href="https://twitter.com/jose_alcibar" target="_blank">jose_alcibar</a>	4	0	1	168	542	5330		002
@jose_gavalda	<a href="https://twitter.com/jose_gavalda" target="_blank">jose_gavalda</a>	3	0	1	98	142	17415	Ulldecona, Catalunya	005
@Josep_Pujol_	<a href="https://twitter.com/Josep_Pujol_" target="_blank">Josep_Pujol_</a>	2	0	1	456	647	31347	Girona	126
@josepaals	<a href="https://twitter.com/josepaals" target="_blank">josepaals</a>	17	0	1	328	302	54662		017
@JosepAntonell	<a href="https://twitter.com/JosepAntonell" target="_blank">JosepAntonell</a>	2	0	1	52	160	3426		026
@JOSEPCOLOM	<a href="https://twitter.com/JOSEPCOLOM" target="_blank">JOSEPCOLOM</a>	3	0	1	774	2653	9816	Catalunya	051
@JOSEPGELABERT	<a href="https://twitter.com/JOSEPGELABERT" target="_blank">JOSEPGELABERT</a>	7	0	1	180	1778	4456	Catalunya	048
@josepjorge	<a href="https://twitter.com/josepjorge" target="_blank">josepjorge</a>	1	1	0	517	746	6567	Barcelona	009
@JosepRuaix	<a href="https://twitter.com/JosepRuaix" target="_blank">JosepRuaix</a>	74	0	5	1256	3755	57222		004
@josepvinyals	<a href="https://twitter.com/josepvinyals" target="_blank">josepvinyals</a>	4	0	1	202	528	1451	Vall del Tenes, V. Oriental	111
@jovenmaori	<a href="https://twitter.com/jovenmaori" target="_blank">jovenmaori</a>	23	5	0	1867	2274	152262	Euskal Herria	001
@jpararolsb	<a href="https://twitter.com/jpararolsb" target="_blank">jpararolsb</a>	3	0	1	17	114	1372	Olot, Catalunya	039
@JPeiroV	<a href="https://twitter.com/JPeiroV" target="_blank">JPeiroV</a>	5	0	1	248	229	20790		032
@jpp902s2	<a href="https://twitter.com/jpp902s2" target="_blank">jpp902s2</a>	14	0	1	702	594	36761		006
@jromeuca	<a href="https://twitter.com/jromeuca" target="_blank">jromeuca</a>	9	0	1	443	1295	16372	Sant Pere de Riudebitlles	018
@jsoler63	<a href="https://twitter.com/jsoler63" target="_blank">jsoler63</a>	6	0	1	4174	3922	118474		006
@jtatje	<a href="https://twitter.com/jtatje" target="_blank">jtatje</a>	3	0	1	165	367	2783	Fígols i Alinyà, Catalunya	002
@jtrosique	<a href="https://twitter.com/jtrosique" target="_blank">jtrosique</a>	1	0	1	1884	1700	23145	Barcelona	009
@juandi	<a href="https://twitter.com/juandi" target="_blank">juandi</a>	9	0	2	137	411	4661		016
@Juanmi_News	<a href="https://twitter.com/Juanmi_News" target="_blank">Juanmi_News</a>	6	33	0	49529	112	99605	Sevilla	002
@juanmiiiii	<a href="https://twitter.com/juanmiiiii" target="_blank">juanmiiiii</a>	1	0	1	170	164	4348	Mérida, Extremadura	028
@JuanviSanchezG	<a href="https://twitter.com/JuanviSanchezG" target="_blank">JuanviSanchezG</a>	1	0	1	328	446	4968	El Ronquillo, Sevilla	028
@judsediciosa	<a href="https://twitter.com/judsediciosa" target="_blank">judsediciosa</a>	0	3	0					039
@jvintrom	<a href="https://twitter.com/jvintrom" target="_blank">jvintrom</a>	2	0	1	221	651	3019	Hospitalet de Llobregat	004
@KaleZale	<a href="https://twitter.com/KaleZale" target="_blank">KaleZale</a>	1	1	0	425	798	6156	Atarrabia	103
@KaliYuga13	<a href="https://twitter.com/KaliYuga13" target="_blank">KaliYuga13</a>	20	0	1	343	223	85100		024
@Karuna456	<a href="https://twitter.com/Karuna456" target="_blank">Karuna456</a>	6	0	1	215	587	10111	Barcelona, Catalunya, UE	006
@kataklock	<a href="https://twitter.com/kataklock" target="_blank">kataklock</a>	28	1	0	1499	2819	42283	República Catalana	101
@KilianLatorre	<a href="https://twitter.com/KilianLatorre" target="_blank">KilianLatorre</a>	3	0	1	190	212	11571	Can Fanga i el Món (Melbourne)	016
@kim_soler	<a href="https://twitter.com/kim_soler" target="_blank">kim_soler</a>	3	3	0	10659	2802	26466	Catalonia, Europe, World	004
@kinbota	<a href="https://twitter.com/kinbota" target="_blank">kinbota</a>	42	0	4	191	225	44853		003
@knoxtgn	<a href="https://twitter.com/knoxtgn" target="_blank">knoxtgn</a>	2	2	0	813	1627	9801	Tarragona, Països Catalans	001
@kodina59	<a href="https://twitter.com/kodina59" target="_blank">kodina59</a>	4	1	0	314	833	6214		102
@Kquim23	<a href="https://twitter.com/Kquim23" target="_blank">Kquim23</a>	17	0	1	198	439	17175		021
@KseniaAxelroud	<a href="https://twitter.com/KseniaAxelroud" target="_blank">KseniaAxelroud</a>	1	0	1	20	108	379		011
@La_kiSki	<a href="https://twitter.com/La_kiSki" target="_blank">La_kiSki</a>	0	1	0					006
@laespadamocles	<a href="https://twitter.com/laespadamocles" target="_blank">laespadamocles</a>	1	1	0	66	281	2497		007
@LaHonorata	<a href="https://twitter.com/LaHonorata" target="_blank">LaHonorata</a>	1	0	1	1399	2205	13131	Del #Vallès #Catalunya	024
@LaiaTw	<a href="https://twitter.com/LaiaTw" target="_blank">LaiaTw</a>	1	0	1	173	109	1572		019
@lamarta	<a href="https://twitter.com/lamarta" target="_blank">lamarta</a>	24	0	1	954	926	43584	Catalunya	006
@lanicolass	<a href="https://twitter.com/lanicolass" target="_blank">lanicolass</a>	7	0	1	353	237	23381		035
@LaNinaCabrea	<a href="https://twitter.com/LaNinaCabrea" target="_blank">LaNinaCabrea</a>	1	0	1	666	421	2139		037
@lAseDelsCops	<a href="https://twitter.com/lAseDelsCops" target="_blank">lAseDelsCops</a>	0	1	0					004
@Laura050777	<a href="https://twitter.com/Laura050777" target="_blank">Laura050777</a>	2	0	1	30	66	732		039
@lauraaranv	<a href="https://twitter.com/lauraaranv" target="_blank">lauraaranv</a>	2	2	0	207	62	1729		100
@laurioak	<a href="https://twitter.com/laurioak" target="_blank">laurioak</a>	0	1	0					099
@leia4u	<a href="https://twitter.com/leia4u" target="_blank">leia4u</a>	1	0	1	233	360	18412	Una galaxia muy lejana	025
@lepetitsagan	<a href="https://twitter.com/lepetitsagan" target="_blank">lepetitsagan</a>	1	0	1	128	216	2074		128
@lesportiucat	<a href="https://twitter.com/lesportiucat" target="_blank">lesportiucat</a>	1	12	0	32272	661	19052	Catalunya	020
@linguinelover	<a href="https://twitter.com/linguinelover" target="_blank">linguinelover</a>	1	0	1	196	342	10299	Portland, OR	022
@linuxnow	<a href="https://twitter.com/linuxnow" target="_blank">linuxnow</a>	1	1	0	94	246	2510		009
@littleisagg	<a href="https://twitter.com/littleisagg" target="_blank">littleisagg</a>	1	0	1	105	166	6095	Barcelona, Catalunya	003
@lizcastro	<a href="https://twitter.com/lizcastro" target="_blank">lizcastro</a>	11	0	1	30429	4716	119908	Massachusetts/Barcelona	019
@ll_espluga	<a href="https://twitter.com/ll_espluga" target="_blank">ll_espluga</a>	0	2	0					056
@llenguacat	<a href="https://twitter.com/llenguacat" target="_blank">llenguacat</a>	0	1	0					097
@lletres	<a href="https://twitter.com/lletres" target="_blank">lletres</a>	3	0	1	19361	760	43958	Catalunya	036
@Llibertatcat	<a href="https://twitter.com/Llibertatcat" target="_blank">Llibertatcat</a>	18	5	0	23922	17014	54723	Països Catalans	034
@llibertmargalef	<a href="https://twitter.com/llibertmargalef" target="_blank">llibertmargalef</a>	14	0	1	143	253	5680		017
@LloretRomero	<a href="https://twitter.com/LloretRomero" target="_blank">LloretRomero</a>	5	0	1	377	685	6494	Barcelona, Catalunya	054
@lluiispujaadas	<a href="https://twitter.com/lluiispujaadas" target="_blank">lluiispujaadas</a>	1	0	1	20	65	125		011
@Lluis_Casanovas	<a href="https://twitter.com/Lluis_Casanovas" target="_blank">Lluis_Casanovas</a>	37	2	0	9179	7066	199607	Reus and Cambrils, Catalunya .	046
@lluis_soler	<a href="https://twitter.com/lluis_soler" target="_blank">lluis_soler</a>	4	0	1	2538	2579	1794	Deltebre	011
@lluisvn	<a href="https://twitter.com/lluisvn" target="_blank">lluisvn</a>	3	0	1	22	102	2529		011
@lonelyboy_adria	<a href="https://twitter.com/lonelyboy_adria" target="_blank">lonelyboy_adria</a>	1	0	1	17	85	833		108
@lorenaperezpar1	<a href="https://twitter.com/lorenaperezpar1" target="_blank">lorenaperezpar1</a>	1	0	1	158	308	6732		002
@LotaJans	<a href="https://twitter.com/LotaJans" target="_blank">LotaJans</a>	0	1	0					095
@luna42968947	<a href="https://twitter.com/luna42968947" target="_blank">luna42968947</a>	4	0	1	2195	4075	7607	barcelona	018
@M_Aseret	<a href="https://twitter.com/M_Aseret" target="_blank">M_Aseret</a>	12	0	2	457	1139	15250	Barcelona	004
@magdalaveca	<a href="https://twitter.com/magdalaveca" target="_blank">magdalaveca</a>	34	0	1	93	602	9742	Catalunya	005
@makafaskas	<a href="https://twitter.com/makafaskas" target="_blank">makafaskas</a>	2	0	1	205	399	6891		002
@manel_marine	<a href="https://twitter.com/manel_marine" target="_blank">manel_marine</a>	6	0	3	422	919	26918	catalunya	005
@mangelsgarcia	<a href="https://twitter.com/mangelsgarcia" target="_blank">mangelsgarcia</a>	3	0	1	1027	1226	31616	Catalunya	007
@manreot	<a href="https://twitter.com/manreot" target="_blank">manreot</a>	3	0	1	104	67	526		043
@manuel_soca	<a href="https://twitter.com/manuel_soca" target="_blank">manuel_soca</a>	4	0	4	237	687	2064		007
@Marcel_Martinz	<a href="https://twitter.com/Marcel_Martinz" target="_blank">Marcel_Martinz</a>	2	0	1	1604	961	13939	Vilafranca del Penedès	019
@MarchettiSte	<a href="https://twitter.com/MarchettiSte" target="_blank">MarchettiSte</a>	1	0	1	930	648	3254	corse	011
@marcpicas	<a href="https://twitter.com/marcpicas" target="_blank">marcpicas</a>	0	1	0					093
@marcqueralt	<a href="https://twitter.com/marcqueralt" target="_blank">marcqueralt</a>	7	0	1	1150	1139	29552	Vilafranca del Penedès	011
@MarcZenTime	<a href="https://twitter.com/MarcZenTime" target="_blank">MarcZenTime</a>	36	0	1	1392	1535	34657	CAT	003
@mardagaori	<a href="https://twitter.com/mardagaori" target="_blank">mardagaori</a>	2	0	1	177	285	3054	Catalonia	005
@margaclof	<a href="https://twitter.com/margaclof" target="_blank">margaclof</a>	3	0	1	265	729	1117		009
@marhuendeeer	<a href="https://twitter.com/marhuendeeer" target="_blank">marhuendeeer</a>	2	0	1	273	717	12340	Hispania	002
@marialuisafamad	<a href="https://twitter.com/marialuisafamad" target="_blank">marialuisafamad</a>	7	0	1	98	133	8018	Gracia Barcelona Catalunya	017
@MariaOxbow	<a href="https://twitter.com/MariaOxbow" target="_blank">MariaOxbow</a>	48	0	1	1072	1912	225081	Barcelona	013
@MariaRoigAlsina	<a href="https://twitter.com/MariaRoigAlsina" target="_blank">MariaRoigAlsina</a>	7	1	0	252	578	1611	Tarragona	094
@maribeleia	<a href="https://twitter.com/maribeleia" target="_blank">maribeleia</a>	1	0	1	213	367	4464	Terrassa (Barcelona)	025
@Maribelsn	<a href="https://twitter.com/Maribelsn" target="_blank">Maribelsn</a>	1	1	0	2155	1600	25814	Sant Pere de Ribes	096
@Marsal95	<a href="https://twitter.com/Marsal95" target="_blank">Marsal95</a>	45	0	2	938	1013	100690	Sant Hilari Sacalm. Catalunya	100
@martabatallas	<a href="https://twitter.com/martabatallas" target="_blank">martabatallas</a>	3	0	1	71	184	1387		035
@Martapallares73	<a href="https://twitter.com/Martapallares73" target="_blank">Martapallares73</a>	4	0	1	698	1370	15890	Barcelona	005
@martin56365420	<a href="https://twitter.com/martin56365420" target="_blank">martin56365420</a>	1	0	1	519	2050	27864	l	011
@MartiProven	<a href="https://twitter.com/MartiProven" target="_blank">MartiProven</a>	10	0	1	1949	1979	49465		007
@martossais	<a href="https://twitter.com/martossais" target="_blank">martossais</a>	8	2	0	1062	959	4645	Tordera - Barcelona	043
@MARTUZZATV	<a href="https://twitter.com/MARTUZZATV" target="_blank">MARTUZZATV</a>	2	0	1	980	1099	16319	Firenze, Toscana	009
@masanilla1	<a href="https://twitter.com/masanilla1" target="_blank">masanilla1</a>	6	0	1	1	24	989		006
@MassimoMainard1	<a href="https://twitter.com/MassimoMainard1" target="_blank">MassimoMainard1</a>	1	0	1	30	65	680		011
@matricatwit	<a href="https://twitter.com/matricatwit" target="_blank">matricatwit</a>	1	0	1	289	102	9357		011
@mauricisv	<a href="https://twitter.com/mauricisv" target="_blank">mauricisv</a>	1	0	1	34	122	98		006
@me_mujal	<a href="https://twitter.com/me_mujal" target="_blank">me_mujal</a>	3	0	1	85	300	4062	Prats de Lluçanès	006
@merce_castellvi	<a href="https://twitter.com/merce_castellvi" target="_blank">merce_castellvi</a>	25	0	3	250	402	32735	#SomCatalunya	005
@MeritCB	<a href="https://twitter.com/MeritCB" target="_blank">MeritCB</a>	1	0	1	1135	4999	6856		036
@MES_Baix_Llob	<a href="https://twitter.com/MES_Baix_Llob" target="_blank">MES_Baix_Llob</a>	12	0	1	494	937	2280	Baix Llobregat	033
@MESesquerresCdT	<a href="https://twitter.com/MESesquerresCdT" target="_blank">MESesquerresCdT</a>	7	0	1	528	729	10150		033
@MESLaSelvaCamp	<a href="https://twitter.com/MESLaSelvaCamp" target="_blank">MESLaSelvaCamp</a>	5	0	1	289	440	4249	la Selva del Camp, Espanya	033
@mestremh	<a href="https://twitter.com/mestremh" target="_blank">mestremh</a>	2	0	1	211	767	2406	Vila de Sants, Barcelona. PPCC	090
@Metgir	<a href="https://twitter.com/Metgir" target="_blank">Metgir</a>	2	0	2	28	65	504	Girona	011
@mgilabert	<a href="https://twitter.com/mgilabert" target="_blank">mgilabert</a>	5	0	1	201	222	2923	Catalunya	020
@miaioia_r	<a href="https://twitter.com/miaioia_r" target="_blank">miaioia_r</a>	6	0	1	378	680	27836		001
@miatarter	<a href="https://twitter.com/miatarter" target="_blank">miatarter</a>	10	2	0	709	597	8488	Moià	052
@mikaferrer97	<a href="https://twitter.com/mikaferrer97" target="_blank">mikaferrer97</a>	0	1	0					092
@MIQUELBL	<a href="https://twitter.com/MIQUELBL" target="_blank">MIQUELBL</a>	4	0	2	634	1525	32280	Catalunya	011
@miqueleuqim	<a href="https://twitter.com/miqueleuqim" target="_blank">miqueleuqim</a>	2	0	1	35	234	73	La Ràpita	011
@MIQUELLARA	<a href="https://twitter.com/MIQUELLARA" target="_blank">MIQUELLARA</a>	82	8	0	8993	9419	300619	SALT - CATALUNYA	003
@mireiachavarria	<a href="https://twitter.com/mireiachavarria" target="_blank">mireiachavarria</a>	1	0	1	1175	2260	3520		012
@miriamasturias	<a href="https://twitter.com/miriamasturias" target="_blank">miriamasturias</a>	0	1	0					089
@miriamhatibi	<a href="https://twitter.com/miriamhatibi" target="_blank">miriamhatibi</a>	0	1	0					090
@misjosep	<a href="https://twitter.com/misjosep" target="_blank">misjosep</a>	10	1	0	8992	8219	33390		006
@Miuyaku	<a href="https://twitter.com/Miuyaku" target="_blank">Miuyaku</a>	4	0	1	13	35	741	Stuttgart, Alemania	002
@mmillanclosa	<a href="https://twitter.com/mmillanclosa" target="_blank">mmillanclosa</a>	10	0	1	12015	10282	162173	Vaig néixer el 4 de novembre	005
@mmuntb	<a href="https://twitter.com/mmuntb" target="_blank">mmuntb</a>	2	0	1	96	470	1231	Manlleu, Catalunya	099
@moisbd	<a href="https://twitter.com/moisbd" target="_blank">moisbd</a>	1	0	1	120	401	1981	Sabadell, Catalunya	027
@molidelpont	<a href="https://twitter.com/molidelpont" target="_blank">molidelpont</a>	20	0	1	308	333	21307		005
@monicapalacin29	<a href="https://twitter.com/monicapalacin29" target="_blank">monicapalacin29</a>	1	1	0	1124	1060	1282	Pineda de Mar, Catalonia	088
@monsamga	<a href="https://twitter.com/monsamga" target="_blank">monsamga</a>	44	0	1	77	307	6573		036
@montantxo	<a href="https://twitter.com/montantxo" target="_blank">montantxo</a>	7	0	1	114	232	9708		011
@montoliu_pilar	<a href="https://twitter.com/montoliu_pilar" target="_blank">montoliu_pilar</a>	4	1	1	2323	1958	20299		006
@MontseEscoda10	<a href="https://twitter.com/MontseEscoda10" target="_blank">MontseEscoda10</a>	20	0	1	136	158	11191	Valls Catalunya	006
@MontseGirbi	<a href="https://twitter.com/MontseGirbi" target="_blank">MontseGirbi</a>	23	0	1	867	1376	7650	Moià	052
@montsemarsan	<a href="https://twitter.com/montsemarsan" target="_blank">montsemarsan</a>	24	0	1	358	541	14594		104
@MontseMo	<a href="https://twitter.com/MontseMo" target="_blank">MontseMo</a>	5	0	1	378	365	2079	Catalunya	005
@motiuscat	<a href="https://twitter.com/motiuscat" target="_blank">motiuscat</a>	59	0	1	1198	2364	25055		087
@MovEsqCONSTANTI	<a href="https://twitter.com/MovEsqCONSTANTI" target="_blank">MovEsqCONSTANTI</a>	6	0	1	206	313	1768		033
@MPSsabadell	<a href="https://twitter.com/MPSsabadell" target="_blank">MPSsabadell</a>	2	1	0	2225	540	4027		091
@Mr9Nuria	<a href="https://twitter.com/Mr9Nuria" target="_blank">Mr9Nuria</a>	9	0	1	274	463	24323	Flix - Barcelona, Catalunya	003
@MRialp	<a href="https://twitter.com/MRialp" target="_blank">MRialp</a>	16	0	1	973	1776	108905		096
@mrlopera	<a href="https://twitter.com/mrlopera" target="_blank">mrlopera</a>	0	5	0					028
@muguruzafm	<a href="https://twitter.com/muguruzafm" target="_blank">muguruzafm</a>	5	3	0	29448	2174	11560	Irun, Euskal Herria	001
@murri1972	<a href="https://twitter.com/murri1972" target="_blank">murri1972</a>	31	0	1	335	351	40759		025
@nadamas2000	<a href="https://twitter.com/nadamas2000" target="_blank">nadamas2000</a>	1	0	1	59	173	267	Sant Andreu de la Barca	003
@nandratx	<a href="https://twitter.com/nandratx" target="_blank">nandratx</a>	6	1	0	656	956	9396		014
@natilles_com	<a href="https://twitter.com/natilles_com" target="_blank">natilles_com</a>	0	1	0					057
@nativitatcasas	<a href="https://twitter.com/nativitatcasas" target="_blank">nativitatcasas</a>	1	0	1	2	2	5		039
@natx1958	<a href="https://twitter.com/natx1958" target="_blank">natx1958</a>	13	0	1	248	364	26469	Barcelona, España	063
@negre_joan	<a href="https://twitter.com/negre_joan" target="_blank">negre_joan</a>	16	0	1	387	1247	3882	Catalonia	018
@nereus_22	<a href="https://twitter.com/nereus_22" target="_blank">nereus_22</a>	17	0	1	115	497	20489	Barcelona, Catalonia	018
@Nest_indy	<a href="https://twitter.com/Nest_indy" target="_blank">Nest_indy</a>	36	0	1	1398	2126	43660	Brienz, Switzerland	002
@news_bisbal	<a href="https://twitter.com/news_bisbal" target="_blank">news_bisbal</a>	7	0	1	235	1148	678	la Bisbal d'Empordà, Espanya	067
@niceworldx	<a href="https://twitter.com/niceworldx" target="_blank">niceworldx</a>	6	0	1	1140	1875	28369	Pineda de Mar	019
@nilmunte	<a href="https://twitter.com/nilmunte" target="_blank">nilmunte</a>	3	0	1	176	300	1214	Riudoms, Catalunya	050
@NinaIvori	<a href="https://twitter.com/NinaIvori" target="_blank">NinaIvori</a>	3	0	1	1029	524	65419	Tarragona, Cataluña	051
@ninipallarols	<a href="https://twitter.com/ninipallarols" target="_blank">ninipallarols</a>	1	0	1	39	91	269	Arbúcies, Catalunya	003
@niskas	<a href="https://twitter.com/niskas" target="_blank">niskas</a>	44	0	1	204	2040	5544		006
@nmatabosch	<a href="https://twitter.com/nmatabosch" target="_blank">nmatabosch</a>	3	1	0	185	157	567	Arenys de Mar - Catalonia	005
@NNuriapat	<a href="https://twitter.com/NNuriapat" target="_blank">NNuriapat</a>	4	0	1	688	1012	23840	Alicante España	007
@noaj86	<a href="https://twitter.com/noaj86" target="_blank">noaj86</a>	2	0	1	226	441	4301		041
@NoalaMatSelva	<a href="https://twitter.com/NoalaMatSelva" target="_blank">NoalaMatSelva</a>	7	0	1	1042	1534	6140	la Selva - Catalunya	005
@Nur_Casas	<a href="https://twitter.com/Nur_Casas" target="_blank">Nur_Casas</a>	5	0	1	41	59	4383		005
@nuria_gatell	<a href="https://twitter.com/nuria_gatell" target="_blank">nuria_gatell</a>	2	0	1	6	54	293	Barcelona, Espanya	017
@Nuria363	<a href="https://twitter.com/Nuria363" target="_blank">Nuria363</a>	8	0	1	228	358	20329		005
@NuriaREPUBLICA	<a href="https://twitter.com/NuriaREPUBLICA" target="_blank">NuriaREPUBLICA</a>	1	0	1	1	42	35		017
@NuriVias	<a href="https://twitter.com/NuriVias" target="_blank">NuriVias</a>	0	1	0					082
@Nvilab	<a href="https://twitter.com/Nvilab" target="_blank">Nvilab</a>	13	0	2	1138	2816	7601	Girona	007
@Odm902	<a href="https://twitter.com/Odm902" target="_blank">Odm902</a>	1	0	1	348	1124	16932		006
@oilcata	<a href="https://twitter.com/oilcata" target="_blank">oilcata</a>	10	0	1	1005	1274	17587	Barcelona, Cataluña	002
@omartinezbcn	<a href="https://twitter.com/omartinezbcn" target="_blank">omartinezbcn</a>	2	0	1	1347	890	1791	Barcelona	081
@oriolmolist	<a href="https://twitter.com/oriolmolist" target="_blank">oriolmolist</a>	6	0	1	857	2067	11721	Barcelona	007
@oscar_raig	<a href="https://twitter.com/oscar_raig" target="_blank">oscar_raig</a>	3	0	1	263	276	7204	Barcelona, Països Catalans	001
@oscar191173	<a href="https://twitter.com/oscar191173" target="_blank">oscar191173</a>	1	0	1	9	109	350	El valle de los caídos	026
@oscarberango	<a href="https://twitter.com/oscarberango" target="_blank">oscarberango</a>	1	0	1	353	393	9546	Berango, España	070
@OscArnau	<a href="https://twitter.com/OscArnau" target="_blank">OscArnau</a>	2	0	1	277	801	845	Barcelona	075
@OSICSIngrid	<a href="https://twitter.com/OSICSIngrid" target="_blank">OSICSIngrid</a>	0	1	0					084
@ossomarino	<a href="https://twitter.com/ossomarino" target="_blank">ossomarino</a>	17	0	2	242	505	19041	Arenys de Munt	013
@OTejero	<a href="https://twitter.com/OTejero" target="_blank">OTejero</a>	1	0	1	157	189	5404	Valladolid / Guipuzkoa	058
@PalouPatrick	<a href="https://twitter.com/PalouPatrick" target="_blank">PalouPatrick</a>	5	0	1	16	195	1202	Sabadell, Espanya	003
@panitinho	<a href="https://twitter.com/panitinho" target="_blank">panitinho</a>	4	1	0	276	407	4387	Mataró	004
@paquifer1969	<a href="https://twitter.com/paquifer1969" target="_blank">paquifer1969</a>	11	0	1	8808	8479	224680	BDN	006
@paquiglez82	<a href="https://twitter.com/paquiglez82" target="_blank">paquiglez82</a>	1	1	0	8244	7630	35490	Barcelona, nou barris	007
@Paraules	<a href="https://twitter.com/Paraules" target="_blank">Paraules</a>	18	0	1	858	2866	28813	Barcelona, Catalunya	003
@patunikos	<a href="https://twitter.com/patunikos" target="_blank">patunikos</a>	1	0	1	685	372	6359	Catalunya	040
@PatxiBengoa	<a href="https://twitter.com/PatxiBengoa" target="_blank">PatxiBengoa</a>	27	0	3	2868	4996	138873	Basqueland #YPG	001
@patxo99	<a href="https://twitter.com/patxo99" target="_blank">patxo99</a>	3	0	1	4	74	757		034
@paulsmercado	<a href="https://twitter.com/paulsmercado" target="_blank">paulsmercado</a>	1	0	1	558	315	8422	Palma de Mallorca	092
@paurolan	<a href="https://twitter.com/paurolan" target="_blank">paurolan</a>	1	0	1	108	682	304	Sants	086
@payess_twit	<a href="https://twitter.com/payess_twit" target="_blank">payess_twit</a>	2	0	1	152	247	2822		025
@PDeCATBaixLlob	<a href="https://twitter.com/PDeCATBaixLlob" target="_blank">PDeCATBaixLlob</a>	2	0	1	657	474	1006	Baix Llobregat	008
@PDeCATBCN	<a href="https://twitter.com/PDeCATBCN" target="_blank">PDeCATBCN</a>	3	1	0	3841	1896	7931	Barcelona, Catalunya	081
@pdecatcardedeu	<a href="https://twitter.com/pdecatcardedeu" target="_blank">pdecatcardedeu</a>	0	1	0					078
@PDeCATNOGUERA	<a href="https://twitter.com/PDeCATNOGUERA" target="_blank">PDeCATNOGUERA</a>	4	0	1	300	965	1131		006
@PDECATNouBarris	<a href="https://twitter.com/PDECATNouBarris" target="_blank">PDECATNouBarris</a>	8	0	1	385	316	1075		098
@pdecviladecans	<a href="https://twitter.com/pdecviladecans" target="_blank">pdecviladecans</a>	2	2	0	1385	1359	1681	Viladecans - Catalunya	008
@Pdemocratacat	<a href="https://twitter.com/Pdemocratacat" target="_blank">Pdemocratacat</a>	8	15	0	190346	48261	19744	Catalunya	006
@PDemocrataCatSc	<a href="https://twitter.com/PDemocrataCatSc" target="_blank">PDemocrataCatSc</a>	1	1	0	551	2469	760	Santa Coloma de Farners, Espanya	076
@pedrogarciaflo3	<a href="https://twitter.com/pedrogarciaflo3" target="_blank">pedrogarciaflo3</a>	61	0	4	1890	547	370488	REPUBLICA CATALANA (GIRONA)	006
@PedrolasG	<a href="https://twitter.com/PedrolasG" target="_blank">PedrolasG</a>	1	0	1	97	215	5293	Capiscol	034
@peki_rc	<a href="https://twitter.com/peki_rc" target="_blank">peki_rc</a>	2	0	1	37	150	513		015
@pekpep	<a href="https://twitter.com/pekpep" target="_blank">pekpep</a>	22	0	1	494	1179	43547	BARCELONA, SPAIN	015
@PepEstepa	<a href="https://twitter.com/PepEstepa" target="_blank">PepEstepa</a>	5	0	1	1146	2289	26035	Barcelona	002
@pepmartorell	<a href="https://twitter.com/pepmartorell" target="_blank">pepmartorell</a>	4	2	0	5887	1368	21335	Barcelona	005
@pepmollevi	<a href="https://twitter.com/pepmollevi" target="_blank">pepmollevi</a>	8	0	1	761	1340	23476	Baix Montseny	001
@peptorraa	<a href="https://twitter.com/peptorraa" target="_blank">peptorraa</a>	1	0	1	116	260	761		041
@pepvivesBIB	<a href="https://twitter.com/pepvivesBIB" target="_blank">pepvivesBIB</a>	5	3	0	792	828	5130	#biblioteques	036
@perecampa	<a href="https://twitter.com/perecampa" target="_blank">perecampa</a>	1	0	1	68	224	3439	Olesa de Montserrat	089
@peredenargo	<a href="https://twitter.com/peredenargo" target="_blank">peredenargo</a>	3	0	1	148	209	17871	lleida	005
@PereOlm87	<a href="https://twitter.com/PereOlm87" target="_blank">PereOlm87</a>	12	0	1	455	725	9762	La Seu d'Urgell.	056
@pereramon2	<a href="https://twitter.com/pereramon2" target="_blank">pereramon2</a>	1	0	1	203	744	2921	Vilanova i la Geltrú,Catalunya	042
@PereRF	<a href="https://twitter.com/PereRF" target="_blank">PereRF</a>	13	3	0	5769	6242	35030	República de Catalunya,  UE.	015
@perermerono	<a href="https://twitter.com/perermerono" target="_blank">perermerono</a>	15	0	1	2098	3930	115219	Barcelona / Badalona	004
@PijoanRosa	<a href="https://twitter.com/PijoanRosa" target="_blank">PijoanRosa</a>	11	0	1	635	1154	47080	Baix Emporda	002
@pisartm	<a href="https://twitter.com/pisartm" target="_blank">pisartm</a>	3	0	1	517	1350	7192		024
@planajordi	<a href="https://twitter.com/planajordi" target="_blank">planajordi</a>	0	1	0					069
@PobleLliure_NOr	<a href="https://twitter.com/PobleLliure_NOr" target="_blank">PobleLliure_NOr</a>	5	0	1	595	341	4574	Països Catalans	125
@Podemos_Berango	<a href="https://twitter.com/Podemos_Berango" target="_blank">Podemos_Berango</a>	0	1	0					070
@polasensi	<a href="https://twitter.com/polasensi" target="_blank">polasensi</a>	0	1	0					072
@PonsGuasch	<a href="https://twitter.com/PonsGuasch" target="_blank">PonsGuasch</a>	8	0	1	10	108	4251		006
@pontgasau_sara	<a href="https://twitter.com/pontgasau_sara" target="_blank">pontgasau_sara</a>	2	0	2	123	105	1632		003
@PorcularPartido	<a href="https://twitter.com/PorcularPartido" target="_blank">PorcularPartido</a>	6	0	1	843	1115	19214		021
@possessionar	<a href="https://twitter.com/possessionar" target="_blank">possessionar</a>	20	0	1	491	697	88495	Catalunya	006
@properties4two	<a href="https://twitter.com/properties4two" target="_blank">properties4two</a>	2	0	1	503	462	5039	Barcelona, Catalunya	011
@PSBallart	<a href="https://twitter.com/PSBallart" target="_blank">PSBallart</a>	42	0	2	76	234	4918	Barcelona CATALUNYA	008
@psichar	<a href="https://twitter.com/psichar" target="_blank">psichar</a>	1	0	1	38	149	481		003
@PubilladelTer	<a href="https://twitter.com/PubilladelTer" target="_blank">PubilladelTer</a>	4	0	1	71	99	1831		055
@Q_Freeman7	<a href="https://twitter.com/Q_Freeman7" target="_blank">Q_Freeman7</a>	1	0	1	347	544	3956	Barcelona, Sistema Solar.	021
@q_vila	<a href="https://twitter.com/q_vila" target="_blank">q_vila</a>	14	4	0	2764	2652	11569	Catalunya	032
@quelcolom	<a href="https://twitter.com/quelcolom" target="_blank">quelcolom</a>	14	0	1	657	452	135719	Palma	002
@quimbosch	<a href="https://twitter.com/quimbosch" target="_blank">quimbosch</a>	8	0	1	527	549	7274	Barcelona	003
@quimcardus	<a href="https://twitter.com/quimcardus" target="_blank">quimcardus</a>	3	0	1	602	580	7512	Països Catalans	025
@Quintinenc	<a href="https://twitter.com/Quintinenc" target="_blank">Quintinenc</a>	3	0	1	263	386	2949		020
@ra_forcada	<a href="https://twitter.com/ra_forcada" target="_blank">ra_forcada</a>	2	0	1	15522	396	14115		032
@RafaOV10	<a href="https://twitter.com/RafaOV10" target="_blank">RafaOV10</a>	1	0	1	344	497	10223	Mairena Del Alcor,Sevilla	028
@Rafel_Arnal	<a href="https://twitter.com/Rafel_Arnal" target="_blank">Rafel_Arnal</a>	2	0	1	1041	1568	57266	Restart	003
@RaholaOficial	<a href="https://twitter.com/RaholaOficial" target="_blank">RaholaOficial</a>	12	2	0	222116	531	62108		005
@ramontremosa	<a href="https://twitter.com/ramontremosa" target="_blank">ramontremosa</a>	18	28	0	69364	1301	31183	BCN, CAT & EU	005
@raset_cat	<a href="https://twitter.com/raset_cat" target="_blank">raset_cat</a>	1	1	0	880	294	286	CAT	062
@raul_barquero	<a href="https://twitter.com/raul_barquero" target="_blank">raul_barquero</a>	7	0	1	190	776	16314	Cornellà de Llobregat, Espanya	021
@raym180	<a href="https://twitter.com/raym180" target="_blank">raym180</a>	4	0	2	633	2333	26561	Rotterdam Zuid	057
@refugi101	<a href="https://twitter.com/refugi101" target="_blank">refugi101</a>	10	0	1	96	560	7975	al mig del no-res	019
@reporcat	<a href="https://twitter.com/reporcat" target="_blank">reporcat</a>	8	0	1	1694	1561	10957	Visc a Barcelona, de Tarragona	005
@RexachLzaro	<a href="https://twitter.com/RexachLzaro" target="_blank">RexachLzaro</a>	4	0	1	21	46	1534	Barcelona, Catalunya	017
@ricardfragments	<a href="https://twitter.com/ricardfragments" target="_blank">ricardfragments</a>	1	0	1	237	423	6749	Sabadell (Catalunya)	091
@ricardjordan_	<a href="https://twitter.com/ricardjordan_" target="_blank">ricardjordan_</a>	2	0	1	122	372	639	Girona, Catalunya	011
@ricardo21893637	<a href="https://twitter.com/ricardo21893637" target="_blank">ricardo21893637</a>	1	0	1	32	54	9803		026
@riicard7	<a href="https://twitter.com/riicard7" target="_blank">riicard7</a>	16	0	1	175	411	5199		027
@roccasagran	<a href="https://twitter.com/roccasagran" target="_blank">roccasagran</a>	6	0	1	16279	1786	41541	Sabadell, Països Catalans	012
@rock52	<a href="https://twitter.com/rock52" target="_blank">rock52</a>	1	1	0	1611	3327	9470	Barcelona	060
@rofastes	<a href="https://twitter.com/rofastes" target="_blank">rofastes</a>	1	0	1	310	1010	7962		032
@roger_monfort	<a href="https://twitter.com/roger_monfort" target="_blank">roger_monfort</a>	1	0	1	20	164	112	Mi casa	082
@RogerSaperas	<a href="https://twitter.com/RogerSaperas" target="_blank">RogerSaperas</a>	0	1	0					061
@RosamariVS	<a href="https://twitter.com/RosamariVS" target="_blank">RosamariVS</a>	6	0	1	672	649	55811	Cambrils	062
@Rosclofent	<a href="https://twitter.com/Rosclofent" target="_blank">Rosclofent</a>	3	0	1	31	122	1324	Barcelona, Catalunya	009
@roser_colome	<a href="https://twitter.com/roser_colome" target="_blank">roser_colome</a>	2	12	0	372	384	3022	Catalunya	021
@RumbcapItaca	<a href="https://twitter.com/RumbcapItaca" target="_blank">RumbcapItaca</a>	2	0	1	13	229	1638		003
@rutx11	<a href="https://twitter.com/rutx11" target="_blank">rutx11</a>	10	0	1	254	317	5570	Catalunya	017
@rvirgilipolls	<a href="https://twitter.com/rvirgilipolls" target="_blank">rvirgilipolls</a>	3	0	2	87	74	5015		017
@sagal62	<a href="https://twitter.com/sagal62" target="_blank">sagal62</a>	20	0	1	2222	1981	137000	Importa amb quí, no on.	060
@Salvigrau72	<a href="https://twitter.com/Salvigrau72" target="_blank">Salvigrau72</a>	0	1	0					059
@SamuelColomer	<a href="https://twitter.com/SamuelColomer" target="_blank">SamuelColomer</a>	0	15	0					019
@sandradrasan	<a href="https://twitter.com/sandradrasan" target="_blank">sandradrasan</a>	4	0	1	22	84	869	Cat	018
@SandraPazos	<a href="https://twitter.com/SandraPazos" target="_blank">SandraPazos</a>	0	1	0					125
@sandrixcor	<a href="https://twitter.com/sandrixcor" target="_blank">sandrixcor</a>	1	1	0	102	178	763		126
@santigutiespuny	<a href="https://twitter.com/santigutiespuny" target="_blank">santigutiespuny</a>	3	1	0	29	206	326		124
@sanzjuli15	<a href="https://twitter.com/sanzjuli15" target="_blank">sanzjuli15</a>	15	0	1	36	147	2826		129
@SanzVeciana	<a href="https://twitter.com/SanzVeciana" target="_blank">SanzVeciana</a>	18	0	1	1427	4994	6532	barcelona	018
@sararuizbcn	<a href="https://twitter.com/sararuizbcn" target="_blank">sararuizbcn</a>	2	0	1	563	1273	758		029
@SdeEMexico	<a href="https://twitter.com/SdeEMexico" target="_blank">SdeEMexico</a>	3	0	1	142	356	634		022
@sebasnogueres	<a href="https://twitter.com/sebasnogueres" target="_blank">sebasnogueres</a>	16	0	1	5080	4632	220219	CATALUNYA #1-O #DUI	055
@sentit_comu	<a href="https://twitter.com/sentit_comu" target="_blank">sentit_comu</a>	2	0	1	258	838	5977		001
@sergi_lliure	<a href="https://twitter.com/sergi_lliure" target="_blank">sergi_lliure</a>	12	0	1	42	33	2630	Barcelona, España	018
@sergi_novo	<a href="https://twitter.com/sergi_novo" target="_blank">sergi_novo</a>	0	2	0					006
@SergiAtienza_	<a href="https://twitter.com/SergiAtienza_" target="_blank">SergiAtienza_</a>	2	2	0	2807	858	2060	Barcelona	004
@sergiatletic15	<a href="https://twitter.com/sergiatletic15" target="_blank">sergiatletic15</a>	1	0	1	99	153	1064		020
@sergicaldes	<a href="https://twitter.com/sergicaldes" target="_blank">sergicaldes</a>	2	13	0	2900	2848	17405	Catalonia	009
@sergiERCcps	<a href="https://twitter.com/sergiERCcps" target="_blank">sergiERCcps</a>	0	3	0					037
@sergivilab	<a href="https://twitter.com/sergivilab" target="_blank">sergivilab</a>	5	0	1	336	557	5361	Barcelona, Catalunya	009
@Sertemus	<a href="https://twitter.com/Sertemus" target="_blank">Sertemus</a>	3	0	1	2797	4312	42136		014
@sfcalvinaz	<a href="https://twitter.com/sfcalvinaz" target="_blank">sfcalvinaz</a>	2	0	1	1514	1837	66305	San Francisco, CA	031
@Siatot	<a href="https://twitter.com/Siatot" target="_blank">Siatot</a>	6	0	1	84	313	947	Barcelona	003
@silprava	<a href="https://twitter.com/silprava" target="_blank">silprava</a>	2	0	1	144	62	13318		007
@SindicaEstudian	<a href="https://twitter.com/SindicaEstudian" target="_blank">SindicaEstudian</a>	6	9	0	21599	1386	17786	Estado español	022
@siscup	<a href="https://twitter.com/siscup" target="_blank">siscup</a>	1	0	1	170	181	1721	Catalunya	017
@SmartimMart	<a href="https://twitter.com/SmartimMart" target="_blank">SmartimMart</a>	2	0	1	41	210	5220		006
@Smf0311	<a href="https://twitter.com/Smf0311" target="_blank">Smf0311</a>	1	0	1	41	300	88		123
@SocialistAlt	<a href="https://twitter.com/SocialistAlt" target="_blank">SocialistAlt</a>	1	0	1	16548	2911	4343	United States	022
@SolaElisabet	<a href="https://twitter.com/SolaElisabet" target="_blank">SolaElisabet</a>	2	0	1	264	301	1000		040
@SOMgramenet	<a href="https://twitter.com/SOMgramenet" target="_blank">SOMgramenet</a>	2	2	0	1546	934	5784	Santa Coloma de Gramenet	010
@sorribescodina	<a href="https://twitter.com/sorribescodina" target="_blank">sorribescodina</a>	3	0	1	123	289	3296		003
@sotoarmengol	<a href="https://twitter.com/sotoarmengol" target="_blank">sotoarmengol</a>	95	0	1	3397	5001	83623	Comarca Garraf	011
@Sr_falu	<a href="https://twitter.com/Sr_falu" target="_blank">Sr_falu</a>	1	0	1	59	424	2096	Badalona	026
@ssfreixas	<a href="https://twitter.com/ssfreixas" target="_blank">ssfreixas</a>	27	0	1	144	351	13783		021
@StasDixit	<a href="https://twitter.com/StasDixit" target="_blank">StasDixit</a>	3	0	2	156	637	3110		034
@strsta11	<a href="https://twitter.com/strsta11" target="_blank">strsta11</a>	1	0	1	139	589	1344		022
@Supercatalai	<a href="https://twitter.com/Supercatalai" target="_blank">Supercatalai</a>	0	1	0					123
@SuperNueli	<a href="https://twitter.com/SuperNueli" target="_blank">SuperNueli</a>	8	0	2	200	220	6658		012
@susbg13	<a href="https://twitter.com/susbg13" target="_blank">susbg13</a>	11	0	1	19	32	851		114
@SxMreferendum	<a href="https://twitter.com/SxMreferendum" target="_blank">SxMreferendum</a>	5	5	0	600	38	188		029
@tangent90x	<a href="https://twitter.com/tangent90x" target="_blank">tangent90x</a>	1	0	1	90	45	4538	USA	031
@targlam13	<a href="https://twitter.com/targlam13" target="_blank">targlam13</a>	1	0	1	132	774	2173		050
@TarragonaCdr	<a href="https://twitter.com/TarragonaCdr" target="_blank">TarragonaCdr</a>	10	2	0	761	298	636	Tarragona, Països Catalans	051
@tdiazb	<a href="https://twitter.com/tdiazb" target="_blank">tdiazb</a>	1	0	1	140	94	440	Barcelona - Igualada	023
@TDolors	<a href="https://twitter.com/TDolors" target="_blank">TDolors</a>	48	0	1	224	235	26402	Catalunya	019
@Tenesmo	<a href="https://twitter.com/Tenesmo" target="_blank">Tenesmo</a>	1	0	1	1733	2054	181385		002
@teresabilwi	<a href="https://twitter.com/teresabilwi" target="_blank">teresabilwi</a>	12	0	2	47	37	3501		001
@TeresaJorda	<a href="https://twitter.com/TeresaJorda" target="_blank">TeresaJorda</a>	4	15	0	8278	4853	6937	Ripoll	017
@TeresaSans1	<a href="https://twitter.com/TeresaSans1" target="_blank">TeresaSans1</a>	4	0	2	1	18	1921		017
@Thyllis	<a href="https://twitter.com/Thyllis" target="_blank">Thyllis</a>	0	1	0					120
@tietaVeronica	<a href="https://twitter.com/tietaVeronica" target="_blank">tietaVeronica</a>	7	0	1	150	776	8303		019
@Timbalerdelbru2	<a href="https://twitter.com/Timbalerdelbru2" target="_blank">Timbalerdelbru2</a>	11	0	1	237	210	37607		002
@tincungos	<a href="https://twitter.com/tincungos" target="_blank">tincungos</a>	15	0	1	114	291	6049		010
@tiritarivas	<a href="https://twitter.com/tiritarivas" target="_blank">tiritarivas</a>	2	0	1	22	134	1922		001
@Titosalou	<a href="https://twitter.com/Titosalou" target="_blank">Titosalou</a>	7	0	1	102	154	7519	CAT	038
@tmedina77	<a href="https://twitter.com/tmedina77" target="_blank">tmedina77</a>	4	0	1	81	146	1354	Mataró	107
@tohr1963	<a href="https://twitter.com/tohr1963" target="_blank">tohr1963</a>	27	0	1	816	1283	29726	Barcelona	001
@Tomi147	<a href="https://twitter.com/Tomi147" target="_blank">Tomi147</a>	3	3	0	365	717	5988	Garrotxa i B.Empordà	006
@ton_pons	<a href="https://twitter.com/ton_pons" target="_blank">ton_pons</a>	1	0	1	272	386	3441	Capellades	023
@tonferret	<a href="https://twitter.com/tonferret" target="_blank">tonferret</a>	4	0	1	936	682	20734		025
@ToniDeGranu	<a href="https://twitter.com/ToniDeGranu" target="_blank">ToniDeGranu</a>	2	0	1	129	399	3349	Granollers	005
@Toninommm	<a href="https://twitter.com/Toninommm" target="_blank">Toninommm</a>	5	0	1	107	685	2678	Barcelona, Catalunya	002
@toniterim	<a href="https://twitter.com/toniterim" target="_blank">toniterim</a>	1	0	1	1757	1987	41634	Barcelona	009
@tonitrek	<a href="https://twitter.com/tonitrek" target="_blank">tonitrek</a>	4	0	1	288	467	5368	Catalunya	095
@ToribioBarber	<a href="https://twitter.com/ToribioBarber" target="_blank">ToribioBarber</a>	1	0	1	2	13	21		017
@tote_llado	<a href="https://twitter.com/tote_llado" target="_blank">tote_llado</a>	34	0	1	53	58	4578	Barcelona	002
@Trapote3	<a href="https://twitter.com/Trapote3" target="_blank">Trapote3</a>	15	0	1	7	30	3549		034
@Tritonna3	<a href="https://twitter.com/Tritonna3" target="_blank">Tritonna3</a>	10	0	1	502	450	30661		003
@Txaumell	<a href="https://twitter.com/Txaumell" target="_blank">Txaumell</a>	1	0	1	2097	3201	18214	Begues	003
@txekel	<a href="https://twitter.com/txekel" target="_blank">txekel</a>	1	0	1	24	163	93	Castellar del Vallès	047
@txellfontanet	<a href="https://twitter.com/txellfontanet" target="_blank">txellfontanet</a>	18	0	1	881	1415	18169	Lleida, Catalunya	097
@txellor	<a href="https://twitter.com/txellor" target="_blank">txellor</a>	3	0	1	87	271	4188		004
@TxellRabionet	<a href="https://twitter.com/TxellRabionet" target="_blank">TxellRabionet</a>	3	0	1	568	634	4952		030
@tXiPhotone	<a href="https://twitter.com/tXiPhotone" target="_blank">tXiPhotone</a>	1	0	1	25	82	369	in the Moon	023
@txorimigrari	<a href="https://twitter.com/txorimigrari" target="_blank">txorimigrari</a>	2	0	1	282	734	20325		001
@Txuse26	<a href="https://twitter.com/Txuse26" target="_blank">Txuse26</a>	2	0	1	187	727	3516	{viu i deixa viure}	002
@unanuejosu	<a href="https://twitter.com/unanuejosu" target="_blank">unanuejosu</a>	14	0	1	1158	871	42797		001
@uri7torres	<a href="https://twitter.com/uri7torres" target="_blank">uri7torres</a>	1	0	1	150	649	2432	sant andreu	020
@UrreaAznar	<a href="https://twitter.com/UrreaAznar" target="_blank">UrreaAznar</a>	2	0	1	24	114	341	Barcelona, España	069
@utdblancx	<a href="https://twitter.com/utdblancx" target="_blank">utdblancx</a>	9	0	1	690	189	27900	Tarragona, Catalunya	003
@Valencianistasc	<a href="https://twitter.com/Valencianistasc" target="_blank">Valencianistasc</a>	2	0	1	5302	2607	44698	País Valenciano, Europa	002
@vampyCATman	<a href="https://twitter.com/vampyCATman" target="_blank">vampyCATman</a>	39	0	4	7352	5354	318260	Barcelona. CAT	004
@vaskostf	<a href="https://twitter.com/vaskostf" target="_blank">vaskostf</a>	1	1	0	26	138	790		119
@vcolomer	<a href="https://twitter.com/vcolomer" target="_blank">vcolomer</a>	1	0	1	618	394	1432	Sabadell	001
@vernem71	<a href="https://twitter.com/vernem71" target="_blank">vernem71</a>	1	0	1	14	59	189		079
@vicenta1962	<a href="https://twitter.com/vicenta1962" target="_blank">vicenta1962</a>	8	0	1	78	210	8895		005
@VilanovaiGDC	<a href="https://twitter.com/VilanovaiGDC" target="_blank">VilanovaiGDC</a>	12	1	0	63	173	880		121
@Viqui41807090	<a href="https://twitter.com/Viqui41807090" target="_blank">Viqui41807090</a>	3	0	1	21	26	2190		003
@VirgniaMartnez2	<a href="https://twitter.com/VirgniaMartnez2" target="_blank">VirgniaMartnez2</a>	2	0	1	60	134	466	Salou, Catalunya	077
@voltesivoltes	<a href="https://twitter.com/voltesivoltes" target="_blank">voltesivoltes</a>	19	0	1	688	2378	8836	Països Catalans	013
@votaxmicat	<a href="https://twitter.com/votaxmicat" target="_blank">votaxmicat</a>	6	0	1	248	588	459	Barcelona, España	115
@Vote_CNP	<a href="https://twitter.com/Vote_CNP" target="_blank">Vote_CNP</a>	0	4	0					031
@vuruj	<a href="https://twitter.com/vuruj" target="_blank">vuruj</a>	2	0	1	60	127	928	Catalunya	011
@Well086	<a href="https://twitter.com/Well086" target="_blank">Well086</a>	20	0	1	32597	2979	43329	Catalunya	021
@Wittgenstein_jm	<a href="https://twitter.com/Wittgenstein_jm" target="_blank">Wittgenstein_jm</a>	123	0	5	2488	1303	526014	Barcelona - Ulldecona - CAT	006
@WyomingShepherd	<a href="https://twitter.com/WyomingShepherd" target="_blank">WyomingShepherd</a>	1	0	1	58	340	1324	Big Wyoming	105
@x_baraut	<a href="https://twitter.com/x_baraut" target="_blank">x_baraut</a>	1	0	1	467	786	3525	Catalunya	032
@xabiersoto	<a href="https://twitter.com/xabiersoto" target="_blank">xabiersoto</a>	1	0	1	333	1284	7016	Igualada, Catalunya	023
@xavartal	<a href="https://twitter.com/xavartal" target="_blank">xavartal</a>	1	11	0	1107	1038	8881	Noubarris, Catalunya	001
@xaviaranda	<a href="https://twitter.com/xaviaranda" target="_blank">xaviaranda</a>	2	0	1	1780	2740	19636	Vilafranca del Penedès	020
@xavichica	<a href="https://twitter.com/xavichica" target="_blank">xavichica</a>	1	3	0	4163	2397	13527	Santa Coloma de Gramenet, Espanya	008
@Xavier_Ballesta	<a href="https://twitter.com/Xavier_Ballesta" target="_blank">Xavier_Ballesta</a>	1	0	1	243	175	392	Catalunya	118
@xavier_valero	<a href="https://twitter.com/xavier_valero" target="_blank">xavier_valero</a>	5	0	1	566	340	39113	CATALUNYA	044
@xaviudez	<a href="https://twitter.com/xaviudez" target="_blank">xaviudez</a>	1	0	1	612	917	5372	Cabrils	071
@xavivisa	<a href="https://twitter.com/xavivisa" target="_blank">xavivisa</a>	2	0	1	242	593	5223	Can Tabola, Montmeló	024
@xevimasachs	<a href="https://twitter.com/xevimasachs" target="_blank">xevimasachs</a>	2	0	1	1566	1452	7564	Amer, Catalunya	020
@xevipuix	<a href="https://twitter.com/xevipuix" target="_blank">xevipuix</a>	46	0	3	341	1448	24360		002
@xmarcet	<a href="https://twitter.com/xmarcet" target="_blank">xmarcet</a>	6	0	1	96	520	5351	catalunya	045
@xserra	<a href="https://twitter.com/xserra" target="_blank">xserra</a>	14	0	1	1458	2046	14078	Girona, Catalonia, Spain	011
@XVila72	<a href="https://twitter.com/XVila72" target="_blank">XVila72</a>	35	0	1	36	120	6944		006
@YoBegok	<a href="https://twitter.com/YoBegok" target="_blank">YoBegok</a>	2	0	1	460	496	2274	Blanes, Cataluña	003
@Zhaaz1	<a href="https://twitter.com/Zhaaz1" target="_blank">Zhaaz1</a>	8	1	0	387	2217	7894	Honduras | Catalunya	115
