Source	Target
@_GreatUnwashed	@ShaktiLila
@1Recluta_Patoso	@Splth32
@ADecroissance	@blancrougebleu
@ADecroissance	@esembely
@ADecroissance	@Isabelle89100
@ADecroissance	@SpartacusVVV
@ADecroissance	@vienneinsoumise
@ADecroissance	@ZNARF13
@adrianrbravo	@PauDuranMar1
@alba_guarne	@bajanjules27
@alexmiquel	@NNadela
@AlexToRemember_	@1denmadrid
@AlexToRemember_	@lgh___
@AlfaSchz	@AlexCastillo444
@ANC_Bombers	@Djrubioh87
@ANC_SHS	@Marsal95
@angelsmcastells	@siscugiralt
@AnnaEastwood_96	@baires1965
@AnnaEastwood_96	@BenetBeca
@annunziata07	@HQuesnay
@arytzam	@1jesusabascal
@arytzam	@albaax95
@arytzam	@annaaserra
@arytzam	@justlikethat5
@arytzam	@LadyFotocopias
@arytzam	@Quisaba
@arytzam	@silviablack
@AsambleaCC	@Angela_1723
@AsambleaCC	@Anticapiext
@AsambleaCC	@AsambleaUEx
@AsambleaCC	@JuanNegrin
@BasaurikoJaiak	@Periko_1995
@BNEWS24_off	@Fred1665
@bombersfigueres	@Djrubioh87
@calcosares	@binglebts
@calcosares	@BlackShELF13
@calcosares	@DarkTamashii
@calcosares	@focusonjimin
@calcosares	@JoacoGil15
@calcosares	@LadyFotocopias
@calcosares	@luismendozadl
@calcosares	@MiralvitaMadrid
@calcosares	@NoirMiller
@calcosares	@sorryeyesash
@calcosares	@SrtaHaush
@calcosares	@Zephyr3912
@camargoraul	@pepecugat
@canyas8	@elishabeba82
@canyas8	@uauaua17
@carlavall	@aitana_rc
@carlavall	@AniaPhelps
@carlavall	@isaaa_saanchez
@carlavall	@nerealay
@carlavall	@Nereavicnte_
@Carles_Rico	@Aurivis
@Carles_Rico	@raulcobole
@carlesdomingo	@kvisleis
@Carlespinone	@mpcmarcprat
@CarlotaMarzo	@LManen
@cbosch16	@Aurivis
@CDRGoticRaval	@AlexCastillo444
@celsopastrana	@alexbarcelona71
@celsopastrana	@anpelydraws
@celsopastrana	@EmmaBP86
@celsopastrana	@LuciaLaFlaca1
@celsopastrana	@sp256
@Ciudadano_Zer0	@cmonteyshomar
@Ciudadano_Zer0	@cpique29
@Ciudadano_Zer0	@econacionalitar
@Ciudadano_Zer0	@MCruz_Nunez
@Ciudadano_Zer0	@MiquelRudrigues
@Ciudadano_Zer0	@MonicaNJover
@Ciudadano_Zer0	@oldtown_93
@Ciudadano_Zer0	@pauf_sj
@Ciudadano_Zer0	@xmonge
@CollectiuRonda	@Vallribera
@cordoandalu	@hearthappi
@deiveneix	@mpcmarcprat
@DemocratesJoves	@GironaDC
@DemocratesJoves	@jordi_rubioes
@Depor_Info	@Barakaldo1917
@dfertl	@DonegalPol
@dlpinedo	@Dasha_fcb
@dlpinedo	@NomiLP
@Dottore_Napster	@oniegrina
@ekaitzeka14	@AnderLopez_
@elhilorojo	@PSL_Merida
@eliarf_9b	@alberto_pons
@eliarf_9b	@Dasha_fcb
@embproyect	@NatBrugat
@EnderFox	@luismendozadl
@EnderFox	@MariaReferendum
@EnekoJimenez2	@pablo22rv
@Engranatge	@sabrebel
@Engranatge	@Trescci
@Erramun2014	@estizaitegi
@Erramun2014	@luismendozadl
@EUPARTYEFA	@1jesusabascal
@EUPARTYEFA	@YokoTono
@EVellesObertes	@davidcodi
@GarrafJNC	@JNCCubelles
@GarrafJNC	@jncSitges
@gebelque	@Ssuneb
@gzcontrainfo	@BorxaGC
@gzcontrainfo	@Carmela15MA
@hapinto2	@charlie_chino
@IbanAsenjo	@luismendozadl
@IbanAsenjo	@zobaran_nagore
@ifor_ap	@aranjones
@ifor_ap	@SiwanRosser
@iMacawen	@ainara_oto
@iMacawen	@iovan1
@iMacawen	@joel_lete
@iMacawen	@JudithLuengos13
@indepesCCOO	@carnedecapital
@indepesCCOO	@larrymail1
@indepesCCOO	@THORCRUZHEN
@itxasoatutxa	@susanna01022010
@izquierdadiario	@felix_south
@izquierdadiario	@luismendozadl
@izquierdadiario	@PauDuranMar1
@izquierdadiario	@Silvina_bruno1
@izquierdadiario	@Vani_1984
@JamieKelseyFry	@DrSarahMWest
@JamieKelseyFry	@JakeBurdess
@JamieKelseyFry	@JosMudikun
@JaumeGrauLopez	@mpcmarcprat
@jmlopezzafra	@DietroLeIncanto
@jmlopezzafra	@mikimateo68
@jmterricabras	@NatBrugat
@Joan_Ru_Ca	@jordisendra
@JordiCalpeC	@MangelsLors
@josepgoded	@DrSarahMWest
@JuanmaRamos23	@llunaonline
@Juanmi_News	@BlancaKarmen
@Juanmi_News	@CarladelCampo13
@Juanmi_News	@catalan_knight
@Juanmi_News	@CintasSole
@Juanmi_News	@coldskull01
@Juanmi_News	@Estefaniagud
@Juanmi_News	@FrancisVolvio
@Juanmi_News	@JulioGa38116048
@Juanmi_News	@kidrauhloving
@Juanmi_News	@luismendozadl
@Juanmi_News	@mrtoskis
@Juanmi_News	@OnnoSeroo
@Juanmi_News	@PauDuranMar1
@Juanmi_News	@PijoanRosa
@Juanmi_News	@PIOPIOSOY
@Juanmi_News	@rcomesmu
@Juanmi_News	@silversampler
@Juanmi_News	@susanna01022010
@Juanmi_News	@tarsol23
@Juanmi_News	@Tonivelos
@Juanmi_News	@Yeah_bcn
@JulianAssange	@catalan_knight
@JulianAssange	@dan1leitte
@JulianAssange	@Evetse
@JulianAssange	@GeTuNa
@JulianAssange	@Lour_destiny
@JulianAssange	@LuMerveilleux
@JulianAssange	@treballadors
@KeithMorrisAber	@AberArtisans
@KeithMorrisAber	@AberPsych
@KeithMorrisAber	@DrScherf
@KeithMorrisAber	@ElinCeredigion
@KeithMorrisAber	@Grets02
@KeithMorrisAber	@GwenithOwen
@KeithMorrisAber	@HeleddG
@KeithMorrisAber	@IwBala
@KeithMorrisAber	@MarcMar87721302
@KeithMorrisAber	@marision7
@KeithMorrisAber	@menaillwyd
@KeithMorrisAber	@Nwdls
@KeithMorrisAber	@palacinpc
@KeithMorrisAber	@rapsiencyn
@KeithMorrisAber	@YesCymru
@koopaconan	@PseudolusBCN
@kuromiaiko	@CrisCabello8
@kuromiaiko	@edubugaloo
@kuromiaiko	@Juditespin
@kuromiaiko	@LluisRealKlein
@kuromiaiko	@NuriaSimBa
@landergarro	@level5veganlady
@lau_mvargas	@AmySleepAllways
@lauralruiz	@elisaberm
@lauralruiz	@tostadaconjalea
@LaVozDeTu	@McrosoftXD
@LeHavreLutte	@pompon92130
@Llibertatcat	@Aurivis
@Llibertatcat	@ef90a7f96e624bd
@Llibertatcat	@elisabe71915000
@Llibertatcat	@Gemmsok
@Llibertatcat	@Jordi_Galderic
@Llibertatcat	@Kalexdoscopi
@Llibertatcat	@xdiume
@lola_vendetta	@miranda_ag10
@Marc62060681	@susanna01022010
@marcpuigperez	@imandreaprats
@mardelumes	@SergyRey
@MarinaAreste	@MireiaTweet
@MarionaCastells	@miranda_ag10
@MarionaSF	@DavidMachucasjd
@martaroca27	@JoanGarciaGarr
@martaropa	@rabiatifuscoler
@Marti_Tapias	@marilitabcn
@mcpedemonte	@kvisleis
@MiguelRabaneda	@MiguelRabaneda
@mincinho	@CostasDamian
@MKACITV5M	@dim114114
@MKACITV5M	@jq__________
@MKACITV5M	@LaXinaDelRaval
@muyfandel36	@luismendozadl
@mvidalcalvet	@mireia_albiol
@NatalieSarantos	@MeAventuro
@NavarroJosep	@Que_Bes
@NereDeadiereN	@Blaiaguilera16
@Neusleon	@CescLisa
@Neusleon	@HopesandSomnis
@Neusleon	@MYRIAMcanto
@Neusleon	@oskarh71
@Neusleon	@patronus12
@notecortespavo	@agurain77
@notecortespavo	@kilkirberde
@notecortespavo	@Leroy69Leroy
@notecortespavo	@LesBauxdeProven
@notecortespavo	@MiraLomax
@notecortespavo	@opiqueb
@notecortespavo	@SergioGa1980
@notecortespavo	@SergiSeira
@notecortespavo	@sra_danvers
@notecortespavo	@Telasmarineras
@notecortespavo	@yakubiuk
@notecortespavo	@zitorikruz
@nsabate4	@ccid78
@OlaPropolis	@BROMPs2lx
@OlaPropolis	@madorell
@parxisxdemo	@JoanZurriaga
@parxisxdemo	@mpcmarcprat
@parxisxdemo	@vruset
@paucorcelles	@ROGMARIMON
@PolSantandreu	@Mir_Mtnz
@quimmarce	@Kirasua1
@quimsb	@cbergis
@quimsb	@Xiula2
@ramontremosa	@BcnCatEu
@Rebecarlop	@gabiceuti
@RoaringNurse	@s9tmt
@RoaringNurse	@shirleyyoung2
@RockArias_94	@_justtbreathe
@RockArias_94	@Albaa_riicoque
@RockArias_94	@alice_17rme
@RockArias_94	@alvaritoRM97
@RockArias_94	@anseal64
@RockArias_94	@benjiquiros
@RockArias_94	@Bonifacia3
@RockArias_94	@EstebanPR10
@RockArias_94	@JaviiSedano
@RockArias_94	@jesus_vazquez91
@RockArias_94	@Juampa93_
@RockArias_94	@juanjo_malaga90
@RockArias_94	@LauraCiriza
@RockArias_94	@LittleDesastre
@RockArias_94	@LuisFernandezdr
@RockArias_94	@ManuFructuoso
@RockArias_94	@Maria_ll00
@RockArias_94	@Marinagdr
@RockArias_94	@NachoVillalba01
@RockArias_94	@nigromantis
@RockArias_94	@olgagd97
@RockArias_94	@Orangereix
@RockArias_94	@patri_fierro
@RockArias_94	@producedbyPJ
@RockArias_94	@PulmondeWild
@RockArias_94	@raquelgarne13
@RockArias_94	@sam10rc
@RockArias_94	@sandratroule
@RockArias_94	@xuzonDev
@RockArias_94	@yessiica936
@RockArias_94	@Ygritte_Snow
@sergeyrag	@bealab79
@sergeyrag	@ev4ngela
@sergicava	@FerEzkovedo
@sergivilanovac	@josepaubeso
@shul_evolution	@rojayrosaflor
@SilviabelB	@llagosteraj
@SimonThomasAC	@t_equo
@SindicaEstudian	@aaaarondc
@SindicaEstudian	@Benjaminovitz
@SindicaEstudian	@donAlvar
@SindicaEstudian	@JAMonzon
@SindicaEstudian	@muaburria
@sinnfeinireland	@10_In_A_Row
@sinnfeinireland	@AlSondel23_
@sinnfeinireland	@joanantonialtim
@sinnfeinireland	@rwildrover
@SomsDavid	@BasFina
@SuggarTCM	@luismendozadl
@TeresaJorda	@annaesru
@TorruellaJoel	@ereabresoli
@VFProduccions	@Ehyrt
@VotacioTelem	@____gorgeousme_
@VotacioTelem	@____shaine
@VotacioTelem	@__BeDatPrettyMf
@VotacioTelem	@__Elnora778x
@VotacioTelem	@__RCHS__
@VotacioTelem	@_4yeShe_Badd
@VotacioTelem	@_6everMoments
@VotacioTelem	@_BeautyDeflneME
@VotacioTelem	@_buddyiEE_
@VotacioTelem	@_DlANAGARCiA_
@VotacioTelem	@_Jass_Monlque
@VotacioTelem	@_xMuah_lLoveYOU
@VotacioTelem	@1ftfirst
@VotacioTelem	@4BC_Carpet
@VotacioTelem	@4bekaaa
@VotacioTelem	@4shTBH
@VotacioTelem	@738_matt
@VotacioTelem	@7clemsonfan
@VotacioTelem	@8_BeContiinued
@VotacioTelem	@A_Pr0tti_Chiq
@VotacioTelem	@aaron_hewiett
@VotacioTelem	@AbigailRFord374
@VotacioTelem	@Adelineig99
@VotacioTelem	@Agent_379_
@VotacioTelem	@AhoyyAngeil
@VotacioTelem	@aicatworld
@VotacioTelem	@ailTHAT_jaasss
@VotacioTelem	@aiytrombley
@VotacioTelem	@AjLeeBrooks5
@VotacioTelem	@AKPescat0re
@VotacioTelem	@Alan_martinez64
@VotacioTelem	@alicekcornlsh
@VotacioTelem	@Alll_Christie
@VotacioTelem	@amandaelkins71
@VotacioTelem	@amandamarlew
@VotacioTelem	@amlrighteousnow
@VotacioTelem	@amoxxle
@VotacioTelem	@anatyepes932
@VotacioTelem	@aneelio_29
@VotacioTelem	@angelbarbara___
@VotacioTelem	@Angelep95
@VotacioTelem	@AngleCaplette
@VotacioTelem	@Annie_Weber58
@VotacioTelem	@Aricasb87
@VotacioTelem	@asaham0d
@VotacioTelem	@ash_morgan10
@VotacioTelem	@AshleyNazario09
@VotacioTelem	@associatloninc
@VotacioTelem	@Austin_288
@VotacioTelem	@avldnostalgic
@VotacioTelem	@awllvur
@VotacioTelem	@azpen_p0nce
@VotacioTelem	@B3nFuss
@VotacioTelem	@BA_Bass26
@VotacioTelem	@badat0b
@VotacioTelem	@barbaraqagnew87
@VotacioTelem	@bark0tatyen
@VotacioTelem	@BEERGAMBINO531
@VotacioTelem	@bestbellevemee
@VotacioTelem	@Bettyannwl31
@VotacioTelem	@BiameMyGenes
@VotacioTelem	@BIGGUAPBOYS8
@VotacioTelem	@bigrumph74
@VotacioTelem	@BkiynBlAckk
@VotacioTelem	@bllabraces
@VotacioTelem	@blmarusela
@VotacioTelem	@BloodRaven060
@VotacioTelem	@Bonlta_Faith
@VotacioTelem	@BooglMel
@VotacioTelem	@Boukeeiynn
@VotacioTelem	@Br0wnEye_Shawty
@VotacioTelem	@bradwhltcomb
@VotacioTelem	@brentobeil
@VotacioTelem	@brlsseisalice
@VotacioTelem	@brookiynand_me
@VotacioTelem	@Bryannamw09
@VotacioTelem	@budcarp939
@VotacioTelem	@bush__keri
@VotacioTelem	@BwayRlghtNow
@VotacioTelem	@C0urtneyPett
@VotacioTelem	@C4mKushh
@VotacioTelem	@CailinMarie43
@VotacioTelem	@CaltyONeil
@VotacioTelem	@CandledDream
@VotacioTelem	@cflaher03
@VotacioTelem	@cgall688
@VotacioTelem	@ChaneiCarpenter
@VotacioTelem	@CharlieCronin3
@VotacioTelem	@ChelseaSueSmlth
@VotacioTelem	@ChennlaF
@VotacioTelem	@ChestnutPiaceMU
@VotacioTelem	@Chlcago_Rixton
@VotacioTelem	@chocoprlncessss
@VotacioTelem	@ChuckWlnborn
@VotacioTelem	@Cirocboy89
@VotacioTelem	@ClaireAlison_52
@VotacioTelem	@Cloveronli
@VotacioTelem	@CNYfoodtogo0279
@VotacioTelem	@CobbleBrltt
@VotacioTelem	@ColsonLeach73
@VotacioTelem	@COREgasm912
@VotacioTelem	@cralsinmonster
@VotacioTelem	@CrysFiyDawn
@VotacioTelem	@ctluzler
@VotacioTelem	@Cue_Que8dastage
@VotacioTelem	@cumtomecaium
@VotacioTelem	@CuppycakeChioe
@VotacioTelem	@D_Rock6934
@VotacioTelem	@d0ugspoetry
@VotacioTelem	@DaanjaGri
@VotacioTelem	@DaFlock79
@VotacioTelem	@Damarisnk04
@VotacioTelem	@Dana_GA2666
@VotacioTelem	@DAreal_JAZZlKAT
@VotacioTelem	@DashlPegasister
@VotacioTelem	@Dbatessss20
@VotacioTelem	@DEEZYd0esItBEST
@VotacioTelem	@detrolttigersnt
@VotacioTelem	@dev0ndotcom
@VotacioTelem	@Dev0nSheppard
@VotacioTelem	@Devinsims77
@VotacioTelem	@DevourDestlnee
@VotacioTelem	@djthrottleboi44
@VotacioTelem	@DljaVuu
@VotacioTelem	@dlstinctioni
@VotacioTelem	@Dlxon_News
@VotacioTelem	@DMac86612
@VotacioTelem	@DonaldReynolds0
@VotacioTelem	@DopeConfldence_
@VotacioTelem	@dr0kddd
@VotacioTelem	@drugporndally
@VotacioTelem	@EandSC0mm
@VotacioTelem	@eBobbieheads
@VotacioTelem	@Edrissi31
@VotacioTelem	@ehaez664
@VotacioTelem	@eiyeorch
@VotacioTelem	@EJM4hany
@VotacioTelem	@ElghteenHearts
@VotacioTelem	@EllkaGonzales
@VotacioTelem	@EllteHRTeam
@VotacioTelem	@EllzzaBobo
@VotacioTelem	@emotionaI192
@VotacioTelem	@engrJ4yEm
@VotacioTelem	@ErinSterling9
@VotacioTelem	@Escobar73_
@VotacioTelem	@estebanhullo
@VotacioTelem	@ethanbell58
@VotacioTelem	@ExpllcitVocab
@VotacioTelem	@ezgoidenop
@VotacioTelem	@F0amStash
@VotacioTelem	@F0rnaxus
@VotacioTelem	@Faffiebeans
@VotacioTelem	@ferrdykunc0ro
@VotacioTelem	@FiUFFFY_BEARR
@VotacioTelem	@Fllrty_Feline
@VotacioTelem	@Flnnielorraine
@VotacioTelem	@Fresh_Psalmlst
@VotacioTelem	@FuCCyOfEEiNs
@VotacioTelem	@g0rJESS___
@VotacioTelem	@Garoppoius
@VotacioTelem	@GawklngGeek
@VotacioTelem	@Gemlni_Princezz
@VotacioTelem	@GibsGiustlniani
@VotacioTelem	@GoHugBeckl
@VotacioTelem	@GotThemSoftLlps
@VotacioTelem	@Gr4ceChunMUA
@VotacioTelem	@greenetraveier
@VotacioTelem	@GurryGulld
@VotacioTelem	@gypsyygrace357
@VotacioTelem	@h__abshir
@VotacioTelem	@H4nnahhStewartt
@VotacioTelem	@H4rdD_n_Gum
@VotacioTelem	@harmaxldiane
@VotacioTelem	@hashtag7905
@VotacioTelem	@hayaiovesme
@VotacioTelem	@hayleymarie4940
@VotacioTelem	@HazeiEyesYella
@VotacioTelem	@HBpr3ttyeyez
@VotacioTelem	@Heyiysaa
@VotacioTelem	@hlghkuguy
@VotacioTelem	@HlramgIz
@VotacioTelem	@HM_3_LPN
@VotacioTelem	@Hoggllneent
@VotacioTelem	@HolyShltltsJake
@VotacioTelem	@hondazomble
@VotacioTelem	@Hootie_575
@VotacioTelem	@iady_Gaga_US
@VotacioTelem	@IanNPerklns
@VotacioTelem	@Ignorance055
@VotacioTelem	@Ion_give6fks
@VotacioTelem	@IotaSoui
@VotacioTelem	@irfan__zht
@VotacioTelem	@j0nkavanaugh
@VotacioTelem	@J0rdanJEOtt
@VotacioTelem	@J4MRZCafe
@VotacioTelem	@J4yyHP
@VotacioTelem	@jacobhanson64
@VotacioTelem	@jake_fledler
@VotacioTelem	@Jaklm_LaSha
@VotacioTelem	@JameslsVegan
@VotacioTelem	@janlcebranthafe
@VotacioTelem	@JanlsahForever
@VotacioTelem	@jasmineann363
@VotacioTelem	@JayD0Pray
@VotacioTelem	@jazzlFreshTaDef
@VotacioTelem	@jbarere103
@VotacioTelem	@JeffMlchaelVice
@VotacioTelem	@JessicaShai021
@VotacioTelem	@Jlive8401
@VotacioTelem	@jm_rona35
@VotacioTelem	@johanjaxiha
@VotacioTelem	@JordanlsHerName
@VotacioTelem	@Jud0ThaGod
@VotacioTelem	@JuG_768xXx
@VotacioTelem	@Juh_R_Ruh207
@VotacioTelem	@JulianLmacia9
@VotacioTelem	@Jus_DntGve4Fuc
@VotacioTelem	@Just_Darble
@VotacioTelem	@just_j0ya
@VotacioTelem	@JustDion2
@VotacioTelem	@kathornton0741
@VotacioTelem	@kaulem4
@VotacioTelem	@Kayia_GNF
@VotacioTelem	@Kelly_Nicole57
@VotacioTelem	@KelseyCraln
@VotacioTelem	@kerbstomp56
@VotacioTelem	@khalifornlacam
@VotacioTelem	@kitllydi
@VotacioTelem	@KlmTHutchinson
@VotacioTelem	@koaiaburrx
@VotacioTelem	@kscrowther83
@VotacioTelem	@KT0umbs
@VotacioTelem	@ktpeab0dy
@VotacioTelem	@KultureShock65
@VotacioTelem	@l_AM_SUpA
@VotacioTelem	@l_AmDhadChiick
@VotacioTelem	@l0lucky
@VotacioTelem	@lanmeansdyer
@VotacioTelem	@LaurenSlvley
@VotacioTelem	@letmallkudown
@VotacioTelem	@liMisTv
@VotacioTelem	@LJlzzo
@VotacioTelem	@LKalimanjlra
@VotacioTelem	@Llansky_
@VotacioTelem	@Lll_Yo_TuFF
@VotacioTelem	@LlLNATEBOY
@VotacioTelem	@lmma_DoMhe
@VotacioTelem	@logan__gaskill
@VotacioTelem	@LousyTr0uts
@VotacioTelem	@lovelyshea74
@VotacioTelem	@LRS633
@VotacioTelem	@lsabeljaney
@VotacioTelem	@ltsABoyMahomie
@VotacioTelem	@Lyndanl78
@VotacioTelem	@LYP_Offlcial
@VotacioTelem	@M0_Judge
@VotacioTelem	@MacheenInc265
@VotacioTelem	@Madison__Grand
@VotacioTelem	@madlsynforever
@VotacioTelem	@Mailepq07
@VotacioTelem	@ManKastie
@VotacioTelem	@Margueritaxr76
@VotacioTelem	@marlssareneexox
@VotacioTelem	@martintorres580
@VotacioTelem	@mattykay__
@VotacioTelem	@McCullenMorrls
@VotacioTelem	@McKenziX2
@VotacioTelem	@megan_foley6
@VotacioTelem	@michaelandrewg6
@VotacioTelem	@mikayla__isugly
@VotacioTelem	@MissDimples3883
@VotacioTelem	@MissMae892
@VotacioTelem	@mkrnyc2
@VotacioTelem	@MlkaelaRachel
@VotacioTelem	@Mlssteviwonder
@VotacioTelem	@MlxtapeSD
@VotacioTelem	@mlzzdayzee
@VotacioTelem	@moganiooney
@VotacioTelem	@MONEYHUNGRY7845
@VotacioTelem	@MostPaldTourney
@VotacioTelem	@Mr__Nine__Ace
@VotacioTelem	@MR_CEO_79
@VotacioTelem	@mrahumadaa120
@VotacioTelem	@mrshannahh0ward
@VotacioTelem	@MRSJEFFTHOMP05
@VotacioTelem	@MrsNeale2330
@VotacioTelem	@MrsP4rahunterD
@VotacioTelem	@ms_northslde
@VotacioTelem	@MsAddlOh
@VotacioTelem	@MsAimondd
@VotacioTelem	@MsDannleHotness
@VotacioTelem	@MyGlngersnaps
@VotacioTelem	@MZADE9U
@VotacioTelem	@N0_MeansYes
@VotacioTelem	@NerdetteAngle
@VotacioTelem	@nGageLabs708
@VotacioTelem	@nicoleolson4225
@VotacioTelem	@NikkiBivens9
@VotacioTelem	@nlkepolo_
@VotacioTelem	@NlnaSmart
@VotacioTelem	@nlw41
@VotacioTelem	@nwennakal
@VotacioTelem	@offlcialannajee
@VotacioTelem	@OGDlmples_Hoe
@VotacioTelem	@OGeeiarBear
@VotacioTelem	@Orren_Lewls
@VotacioTelem	@Outiaw_lex
@VotacioTelem	@PaieoLab_SC
@VotacioTelem	@papaTA0bob
@VotacioTelem	@patria_122
@VotacioTelem	@PeachtreeDentai
@VotacioTelem	@perfxctmallkk
@VotacioTelem	@PhlGamFam
@VotacioTelem	@Phllfollows
@VotacioTelem	@piipe_ramirez51
@VotacioTelem	@PiPlayhouse
@VotacioTelem	@pleasure_nlque
@VotacioTelem	@PorscheEnthusla
@VotacioTelem	@Pr3shRenee
@VotacioTelem	@Pretty_F4ceSade
@VotacioTelem	@PrettyPink_77
@VotacioTelem	@PrlmaDonnaProds
@VotacioTelem	@Psykezzl
@VotacioTelem	@Quise40
@VotacioTelem	@RalnHacks
@VotacioTelem	@RaySllvia
@VotacioTelem	@Rayzlrr
@VotacioTelem	@rebeccadaitonx
@VotacioTelem	@Refugeflmuslc
@VotacioTelem	@Ren4BenaBaby
@VotacioTelem	@Rene5_02
@VotacioTelem	@RestaAulla
@VotacioTelem	@riana2358hiq
@VotacioTelem	@rissarea21
@VotacioTelem	@Riverside__FM
@VotacioTelem	@rlssapooh_
@VotacioTelem	@RoaDeiaFuente
@VotacioTelem	@robwllmink
@VotacioTelem	@Rosannen15
@VotacioTelem	@RutiandCERT
@VotacioTelem	@ryan_donovan82
@VotacioTelem	@S0urPatchBxtch_
@VotacioTelem	@SadleSasser
@VotacioTelem	@SamanthaBedf0rd
@VotacioTelem	@sarahdawnseaie
@VotacioTelem	@Saved_By_0SOS_
@VotacioTelem	@Serafinahq38
@VotacioTelem	@sgranovskala
@VotacioTelem	@shann0nshowe
@VotacioTelem	@sheibysykex
@VotacioTelem	@SherrondaDenlse
@VotacioTelem	@shitt_cheaa8
@VotacioTelem	@Shizzlr8
@VotacioTelem	@ShlanLovesSRK
@VotacioTelem	@ShlobvonRenee
@VotacioTelem	@SHop472
@VotacioTelem	@ShtUp_lmTweetin
@VotacioTelem	@sicolley
@VotacioTelem	@siynnbuckner
@VotacioTelem	@slavetotheplg
@VotacioTelem	@sllmplug_
@VotacioTelem	@SlmplyBeautfiul
@VotacioTelem	@smartlnternetad
@VotacioTelem	@SoclalMarisa
@VotacioTelem	@SoclalMpresa
@VotacioTelem	@SoSwigglEnt
@VotacioTelem	@SouthBuffPr0bs
@VotacioTelem	@Stay_3tru
@VotacioTelem	@steevc0co
@VotacioTelem	@StephBurchett40
@VotacioTelem	@Steven89s
@VotacioTelem	@STFU_NOTALKlN
@VotacioTelem	@stonersRus645
@VotacioTelem	@stupldonion
@VotacioTelem	@StyiemasterUSA
@VotacioTelem	@STYULme581
@VotacioTelem	@SubPlnkLatex
@VotacioTelem	@Sudltmvs
@VotacioTelem	@summysums720
@VotacioTelem	@SunbeitNOLA
@VotacioTelem	@TAGProServlces
@VotacioTelem	@Tandyvn71
@VotacioTelem	@Taste0fAja
@VotacioTelem	@TBrad_64
@VotacioTelem	@tdherrm4nn
@VotacioTelem	@TechXpertsUSA75
@VotacioTelem	@teeducatlonal
@VotacioTelem	@Teenlove132
@VotacioTelem	@TerenceLeavey80
@VotacioTelem	@TheFEED915
@VotacioTelem	@TheHAWK85
@VotacioTelem	@TheLABelleber
@VotacioTelem	@themandus_8d
@VotacioTelem	@themomsheil
@VotacioTelem	@theprettyone61
@VotacioTelem	@Theresa_DTerr0r
@VotacioTelem	@TheSleazeHlppie
@VotacioTelem	@TheTlffUp
@VotacioTelem	@TheWeideGroup
@VotacioTelem	@titan9L
@VotacioTelem	@tomhart_2
@VotacioTelem	@Tony_B146
@VotacioTelem	@TonySosalnurret
@VotacioTelem	@Toriemte
@VotacioTelem	@Tra9261
@VotacioTelem	@trainyour__dog
@VotacioTelem	@TravionColllns
@VotacioTelem	@Tresadd49
@VotacioTelem	@trj2523
@VotacioTelem	@TRUshydd304
@VotacioTelem	@twarren306
@VotacioTelem	@TyierCaruthers
@VotacioTelem	@UncleKenny58
@VotacioTelem	@unknown_vlsions
@VotacioTelem	@UnVeicroMyGeox
@VotacioTelem	@Vickie__Evon
@VotacioTelem	@vlllayoro
@VotacioTelem	@VonPolo95
@VotacioTelem	@WalkingTall367
@VotacioTelem	@WhinyBitch8
@VotacioTelem	@Wilheminalm12
@VotacioTelem	@WllliamLucChau
@VotacioTelem	@woridofzune
@VotacioTelem	@xo_andrea30
@VotacioTelem	@xoPauiyy
@VotacioTelem	@xtinafrlis
@VotacioTelem	@Y0ung_Jasss
@VotacioTelem	@ygMraz938
@VotacioTelem	@youaintlovln
@VotacioTelem	@YoungBadazz798
@VotacioTelem	@YourBrunette3_4
@VotacioTelem	@ZebraMeltlngPot
@xecspir	@AmadeuCarb
@yory5	@MarcMateos
@YORYO25MD	@ConradLlovera
@YORYO25MD	@jordimirosa
@zuurrii	@mpcmarcprat
